College Code,College Name ,Taluk,District,Pincode,College Address
1101,AALIM MUHAMMED SALEGH COLLEGE OF ENGINEERING,AVADI,CHENNAI,600055,"Muthapudupet, I.A.F"
1102,AALIM MUHAMMED SALEGH ACADEMY OF ARCHITECTURE,AVADI,CHENNAI,600055,"Nizara Educational campus, Muthapudupet, I.A.F"
1103,GRT INSTITUTE OF ENGINEERING AND TECHNOLOGY,TIRUTTANI,TIRUVALLUR,631209,"Chennai - Tirupathi Highway, BKR Nagar,Perungalathur"
1104,BHAJARANG ENGINEERING COLLEGE,TIRUVALLUR,TIRUVALLUR,602024,"Ayathur, Near Veppampattu (R.S.)"
1105,GOJAN SCHOOL OF BUSINESS AND TECHNOLOGY,,CHENNAI,600052,"80,Feet Road, Edapalayam,Redhills-Thiruvallur Road, Alamathi"
1106,INDIRA INSTITUTE OF ENGINEERING AND TECHNOLOGY,,TIRUVALLUR,631203,"No.1 VGR Gardens,VGR Nagar, Pandur Village and Post"
1107,J N N INSTITUTE OF ENGINEERING,Uthukottai Taluk,TIRUVALLUR,601102,"Ushaa Garden,90, Kannigaipair Village"
1108,JAYA ENGINEERING COLLEGE,,CHENNAI,602024,"C.T.H. Road,Prakash Nagar, Thiruninravur (Near Avadi)"
1109,JAYA SURIYA ENGINEERING COLLEGE,,TIRUVALLUR,600055,"Redhills-Thiruvallur High Road, Koduveli"
1110,JOHN BOSCO ENGINEERING COLLEGE,TIRUVALLUR,TIRUVALLUR,602001,Tiruvallur Railway Station
1111,JAYA INSTITUTE OF TECHNOLOGY,TIRUTTANI,TIRUVALLUR,631204,"Tiruthani - Thiruvallur NH Road, Kanchipadi Village"
1112,MAGNA COLLEGE OF ENGINEERING,,CHENNAI,600055,"Redhills - Thiruvallur High Road, Magaral"
1113,PMR ENGINEERING COLLEGE,,CHENNAI,600095,"Maduravoyal, Adayalampattu, VANAGARAM"
1114,PRATHYUSHA ENGINEERING COLLEGE,,TIRUVALLUR,602025,"Aranvoyalkuppam, Poonamallee-Thiruvallur Road"
1115,R.M.D. ENGINEERING COLLEGE,GUMMIDIPOONDI,TIRUVALLUR,601206,"R.S.M. Nagar, Kilmudalambedu, Kavaraipettai Post"
1116,R.M.K. COLLEGE OF ENGINEERING AND TECHNOLOGY,GUMMIDIPOONDI,TIRUVALLUR,601206,"R.S.M. Nagar, Puduvoyal"
1117,R.M.K. ENGINEERING COLLEGE,GUMMIDIPOONDI,TIRUVALLUR,601206,"R.S.M. Nagar, Kilmudalambedu, Kavaraipettai Post"
1118,RVS PADHMAVATHY COLLEGE OF ENGINEERING AND TECHNOLOGY,GUMMIDIPOONDI,TIRUVALLUR,601202,"No 13,Sethilpakkam Village, Peppamarikuppam Post"
1119,S.A. ENGINEERING COLLEGE,,CHENNAI,600077,"Poonamallee - Avadi Road, Veeraraghavapuram, Thiruverkadu Post, Vanagaram"
1120,JAYA SAKTHI ENGINEERING COLLEGE,,CHENNAI,602024,"St.Marys Nagar, Thiruninravur Village and Post, Near Avadi"
1121,SAMS COLLEGE OF ENGINEERING AND TECHNOLOGY,"Uthukottai Taluk,",TIRUVALLUR,601102,"No.82, Panapakkam, Chennai-Tirupathi Road, Near Periyapalayam"
1122,SEVA RATHNA VALLAL RCK COLLEGE OF ENGINEERING,,TIRUVALLUR,601103,"Technical Campus,337/1 A Vallal RCK Nagar Vengal-Periyapalayam high road"
1123,SRI KRISHNA COLLEGE OF ENGINEERING,,VELLORE,631003,"Sri Krishna Nagar,TRS Campus,Tiruttani High Road, Arakkonam"
1124,SRI VENKATESWARA COLLEGE OF ENGINEERING AND TECHNOLOGY,TIRUVALLUR,TIRUVALLUR,631203,Thirupachur Village and Post
1125,SRI VENKATESWARA INSTITUTE OF SCIENCE AND TECHNOLOGY,TIRUVALLUR,TIRUVALLUR,631203,"Kolundhalur Village,Thirupachur Post"
1126,SRIRAM ENGINEERING COLLEGE,TIRUVALLUR,TIRUVALLUR,602024,"89 Perumalpattu,Near Veppampattu (R.S.)"
1127,ST.PETER'S COLLEGE OF ENGINEERING AND TECHNOLOGY,,CHENNAI,600054,"College Road, Avadi"
1128,T.J.S. ENGINEERING COLLEGE,GUMMIDIPOONDI,TIRUVALLUR,601206,"T.J.S Nagar, Peruvoyal,Near Kavaraipettai"
1129,VEL TECH,,CHENNAI,600062,"60, Avadi - Veltech Road, Avadi"
1130,VEL TECH HIGH TECH DR.RANGARAJAN DR.SAKUNTHALA ENGINEERING COLLEGE,,CHENNAI,600062,"60, Avadi - Alamathi Road, Vellanur, Avadi"
1131,VEL TECH MULTI TECH DR.RANGARAJAN DR.SAKUNTHALA ENGINEERING COLLEGE,,CHENNAI,600062,"42, Avadi - Alamathi Road, Vellanur, Avadi"
1132,VELAMMAL ENGINEERING COLLEGE,,CHENNAI,600066,"Velammal Nagar,Ambattur-Redhills Road, Surapet, Puzhal"
1133,VELAMMAL INSTITUTE OF TECHNOLOGY,PONNERI,TIRUVALLUR,601204,"Velammal Garden, Panchetti, Chennai-Kolkatta Highway"
1134,KUMARAN INSTITUTE OF TECHNOLOGY,,CHENNAI,601203,"Near Nandhiyyampakkam Railway Station, Minjur, Chennai"
1135,RVS PADMAVATHY SCHOOL OF ARCHITECTURE,GUMMIDIPOONDI,TIRUVALLUR,601202,"No.13, Sethilpakkam Village, PeppamariKuppam (Po)"
1136,SCHOOL OF ARCHITECTURE ST.PETER'S COLLEGE OF ENGINEERING AND TECHNOLOGY,,CHENNAI,600054,"St.Peter's College of Engineering & Technology, Avadi, Chennai"
1137,CHENNAI ACADEMY OF ARCHITECTURE AND DESIGN,,CHENNAI,601102,"No.516-2, KannigaipairChennai-Thirupathi Highway, Near Periyapalayam Amman Temple"
1138,SRI JAYARAM INSTITUTE OF ENGINEERING AND TECHNOLOGY,GUMMIDIPOONDI,TIRUVALLUR,601201,"51 N. Elavur58N, Natham"
1139,INTERNATIONAL MARITIME ACADEMY,,TIRUVALLUR,600124,"No. 41, Jamin Korattur, Puduchatram, Poonamallee to Tirupathi Highway Road"
1176,DEEN DAYAL ENGINEERING COLLEGE,,,,
1177,J.A. INSTITUTE OF ENGINEERING AND TECHNOLOGY,,CHENNAI,600107,"42, Srinivasa NagarKoyambedu Chennai"
1178,RAJA RAJESWARI ENGINEERING COLLEGE,,,,
1179,ST.PETER'S ENGINEERING COLLEGE,,CHENNAI,600054,"Tonakela Camp Road, Avadi, Paruttipattu Village,"
1180,VEL TECH,,CHENNAI,600062,"No:42, Avadi - Alamadhi Road, Vellanur Village and Post Ambattur"
1181,DR.M.G.R. ENGINEERING COLLEGE,,CHENNAI,602102,"No 4, Periyar EVR High Road,Maduravoyal"
1182,P.M.R. INSTITUTE OF TECHNOLOGY,,CHENNAI,600095,"Maduravoyal, Adayalampattu, Ambattur"
1201,JAYA SCHOOL OF ARCHITECTURE,,CHENNAI,600056,"Poonamallee By - Pass Road, Poonamallee"
2101,ALPHA COLLEGE OF ENGINEERING,,CHENNAI,600124,"34, Udayavar Koil Village, Dr.Grace Gedrge Nagar, Thirumazhisai, Poonamalle"
2102,APOLLO ENGINEERING COLLEGE,SRIPERUMBUDHUR,CHENNAI,602105,"Mavaloorkuppam, Valarpuram Post"
2103,ARIGNAR ANNA INSTITUTE OF SCIENCE AND TECHNOLOGY,SRIPERUMBUDHUR,KANCHIPURAM,602105,"Pennalur, G.Jayarama Nagar"
2104,CHENNAI INSTITUTE OF TECHNOLOGY,,CHENNAI,600069,"Sarathy Nagar, Nandhambakkam Post, Pudupedu"
2105,D M I COLLEGE OF ENGINEERING,,CHENNAI,600123,"Palanchur, Nazrethpet Post, Poonamallee"
2106,JEPPIAAR INSTITUTE OF TECHNOLOGY,SRIPERUMBUDHUR,KANCHIPURAM,631604,"Jeppiaar Nagar, Kunnam Village"
2107,KALSAR COLLEGE OF ENGINEERING,SRIPERUMBUDHUR,CHENNAI,602105,"109, Mannur Village, Valarpuram Post"
2108,KINGS ENGINEERING COLLEGE,SRIPERUMBUDHUR,CHENNAI,602105,"Chennai - Bangalore Highway, Irungattukottai"
2109,LOYOLA INSTITUTE OF TECHNOLOGY,,CHENNAI,600123,"Mevalur Kuppam B Village, Palanchur, Nazrethpet Post, Poonamallee"
2110,JEPPIAAR MAAMALLAN ENGINEERING COLLEGE,SRIPERUMBUDHUR,KANCHIPURAM,602105,"Maamallan Nagar,Vadamangalam Village"
2111,MADHA ENGINEERING COLLEGE,,CHENNAI,600069,"Somangalam Road, Madha Nagar, Kundrathur"
2112,MADHA INSTITUTE OF ENGINEERING AND TECHNOLOGY,,CHENNAI,600122,"Erandamkattalai, Sadhanandapuram, Thandalam Post,"
2113,P.B. COLLEGE OF ENGINEERING,SRIPERUMBUDHUR,CHENNAI,602105,"Chennai - Bangalore Highway, Irungattukottai Village and Post"
2114,PANIMALAR ENGINEERING COLLEGE,,CHENNAI,600123,"Varadharajapuram, Nazrethpet Post, Bangaluru Trunk Road, Poonamalle"
2115,PANIMALAR INSTITUTE OF TECHNOLOGY,,CHENNAI,600123,"No 391, Bangalore Trunk Road, Varadharajapuram, Poonamalle"
2116,RAJALAKSHMI ENGINEERING COLLEGE,SRIPERUMBUDHUR,CHENNAI,602105,"Rajalakshmi Nagar, Chennai Bangalore Highway, Thandalam"
2117,RAJALAKSHMI INSTITUTE OF TECHNOLOGY,SRIPERUMBUDHUR,CHENNAI,600124,"Irulapalayam, Kuthampakkam Post"
2118,RAJALAKSHMI SCHOOL OF ARCHITECTURE,SRIPERUMBUDHUR,CHENNAI,602105,"Rajalakshmi Nagar, Thandalam"
2119,RAJIV GANDHI COLLEGE OF ENGINEERING,SRIPERUMBUDHUR,KANCHIPURAM,602105,"Nemili Village, Valarpuram"
2120,S.K.R. ENGINEERING COLLEGE,,CHENNAI,600123,"Agarmel Village, Nazarathpet Post, Poonamallee"
2121,SAKTHI MARIAMMAN ENGINEERING COLLEGE,SRIPERUMBUDHUR,CHENNAI,602105,"55, Narayanasamy Nagar, Thandalam Village"
2122,SAVEETHA ENGINEERING COLLEGE,SRIPERUMBUDHUR,CHENNAI,602105,"Seveetha Nagar, Thandalam Village and Post"
2123,SREE SASTHA COLLEGE OF ENGINEERING,POONAMALLEE,CHENNAI,600123,"Chembarambakkam Village Road, Chembarambakkam"
2124,SREE SASTHA INSTITUTE OF ENGINEERING AND TECHNOLOGY,POONAMALLEE,CHENNAI,600123,"Sree Sastha Nagar, NH-4, Chembarambakkam Village"
2125,SRI KALAIMAGAL COLLEGE OF ENGINEERING,,TIRUVALLUR,631402,"Kalaimagal Nagar, Kondanchery Village, Arakonam"
2126,SRI MUTHUKUMARAN INSTITUTE OF TECHNOLOGY,,CHENNAI,600069,"Chakkarayapuram (Near Poonamallee), Kundrathur Road, Near Mangadu"
2127,SRI VENKATESWARA COLLEGE OF ENGINEERING,,SRIPERUMBUDUR,602117,"Post Bag No:1, Pennalur, Chennai-Banglore High Road, Irungattukottai S.O"
2128,JAYA COLLEGE OF ENGINEERING AND TECHNOLOGY,,CHENNAI,600056,"Poonamalle Bye Pass Road, Parivakkam Village, Poonamalle"
2129,ST. JOSEPH COLLEGE OF ENGINEERING,SRIPERUMBUDHUR,CHENNAI,602105,"Trinity campus, Beemanthangal, Nemili"
2130,SREE SASTHA SCHOOL OF ARCHITECTURE AND PLANNING,,CHENNAI,600123,Chennai - Bengaluru HighwaySree Sastha Nagar Poonamallee
2131,PAPNI SCHOOL OF ARCHITECTURE,SRIPERUMBUDHUR,KANCHIPURAM,602108,302/1Keeranallur Village
2176,E.V.P. ENGINEERING COLLEGE,,,,
2177,SANTHOSA ENGINEERING COLLEGE,,,,
2178,SRI PADMAVATHY COLLEGE OF ENGINEERING,SRIPERUMBUDHUR,KANCHIPURAM,602107,Mevalur Kuppam VillageValarpuram Post
2179,V.K.K. VIJAYAN ENGINEERING COLLEGE,SRIPERUMBUDHUR,KANCHIPURAM,602105,"102, Irunkattukottai Village"
3100,"ANNA UNIVERSITY, TARAMANI CAMPUS",,CHENNAI,600113,"CPT Campus, Taramani"
3101,ANAND INSTITUTE OF HIGHER TECHNOLOGY,,CHENNAI,603103,"Kalasalingam Nagar, Rajiv Gandhi Salai, Kazhipattur Village"
3102,JAGANNATH INSTITUTE OF TECHNOLOGY,,CHENNAI,603110,"Thandalam Village, Thiruporur"
3103,CENTRAL INSTITUTE OF PLASTICS ENGINEERING AND TECHNOLOGY,,CHENNAI,600032,"Jawaharlal Nehru Road, Thiru-vi-ka Industrial Estate, Guindy"
3104,DHANALAKSHMI SRINIVASAN BUSINESS SCHOOL,,CHENGALPATTU,603104,"East Coast Road, Poonjeri Village, , Mamallapuram"
3105,DHANALAKSHMI SRINIVASAN COLLEGE OF ENGINEERING AND TECHNOLOGY,,CHENGALPATTU,603104,"East Coast Road, Poonjeri Village, Mamallapuram"
3105,DHANALAKSHMI SRINIVASAN COLLEGE OF ENGINEERING AND TECHNOLOGY,,,,
3106,EASWARI ENGINEERING COLLEGE,,CHENNAI,600089,"#50, Bharathi Salai, Ramapuram"
3107,JAWAHAR ENGINEERING COLLEGE,,CHENNAI,600093,"Sabarmathi, 54 kk road, Kaverirangan Nagar, Saligramam"
3108,JEPPIAAR ENGINEERING COLLEGE,,CHENNAI,600119,"Rajiv Gandhi Salai, Semmencherry Village, Sholinganallur"
3109,JERUSALEM COLLEGE OF ENGINEERING,,CHENNAI,601302,"Velachery-Tambaram Main Road, Narayanapuram, Pallikaranai"
3110,K.C.G. COLLEGE OF TECHNOLOGY,,CHENNAI,600097,"K.C.G Nagar, Rajiv Gandhi Salai, Karapakkam"
3111,LOYOLA - ICAM COLLEGE OF ENGINEERING AND TECHNOLOGY,,CHENNAI,600034,"Loyola College Campus, Nungambakkam"
3112,MARG INSTITUTE OF DESIGN & ARCHITECTURE SWARNABHOOMI(MIDAS),,CHENGALPATTU,603302,"MARG Swarnabhoomi, East Cost Road, Velur Village, Cheyyur Post"
3113,MEASI ACADEMY OF ARCHITECTURE,,CHENNAI,600014,"87, Peters Road, New College Campus, Royapettah"
3114,MEENAKSHI COLLEGE OF ENGINEERING,,,,
3114,MEENAKSHI COLLEGE OF ENGINEERING,,CHENNAI,600078,"12, Vembuliamman Koil Street, West K.K Nagar"
3115,MEENAKSHI SUNDARARAJAN ENGINEERING COLLEGE,,CHENNAI,600024,"363, Arcot Road, Kodambakkam"
3116,MISRIMAL NAVAJEE MUNOTH JAIN ENGINEERING COLLEGE,,CHENNAI,600097,"Guru Marudhar Kesari Building, Jyothi Nagar, Thorapakkam"
3117,MOHAMED SATHAK A.J. ACADEMY OF ARCHITECTURE,,CHENNAI,603103,"34, Rajiv Gandhi Salai, IT Highway, Egattur Siruseri"
3118,MOHAMMED SATHAK A.J.COLLEGE OF ENGINEERING,,CHENNAI,603103,"34, Rajiv Gandhi Salai, IT Highway, Egattur Siruseri"
3119,ROYAL INSTITUTE OF MANAGEMENT STUDIES & COMPUTER APPLICATION,,CHENGALPATTU,603104,"East Coast Road, Poonjeri Village, Mamallapuram"
3120,JEPPIAAR SRR ENGINEERING COLLEGE,,CHENNAI,603103,"Ram Nagar, Rajiv Gandhi Salai, Padur"
3121,SMK FOMRA INSTITUTE OF TECHNOLOGY,,CHENGALPATTU,603103,"Rajiv Gandhi Salai, I.T. Highway, Thaiyur Village, Near Kelambakkam"
3122,SRI SIVASUBRAMANIYA NADAR COLLEGE OF ENGINEERING,,TIRUPORUR,603110,"Rajiv Gandhi Salai, SSN Nagar, Kalavakkam"
3123,ST.JOSEPH'S COLLEGE OF ENGINEERING,,CHENNAI,600119,"Jeppiar Nagar, Rajiv Gandhi Salai, Semmencherry Village, Sholinganallur"
3124,ST.JOSEPH'S INSTITUTE OF TECHNOLOGY,,CHENNAI,600119,"Jeppiar Nagar, Rajiv Gandhi Salai, Semmencherry Village, Sholinganallur"
3125,T.J. INSTITUTE OF TECHNOLOGY,,CHENNAI,600097,"Rajiv Gandhi Salai, Karapakkam"
3126,THANGAVELU ENGINEERING COLLEGE,,CHENNAI,600097,"Rajiv Gandhi Salai, Karapakkam"
3127,THE NEW ROYAL COLLEGE OF ENGINEERING AND TECHNOLOGY,,CHENGALPATTU,603104,"East Coast Road, Poonjeri, Mamallapuram"
3128,AGNI COLLEGE OF TECHNOLOGY,,CHENGALPATTU,603103,"Rajiv Gandhi Salai, Thalambur, Near Navalur"
3129,ANAND SCHOOL OF ARCHITECTURE,,CHENGALPATTU,603103,"Kalasalingam NagarOld Mamallapuram Road, Kazhipattur"
3130,DA VINCI SCHOOL OF DESIGN AND ARCHITECTURE,,CHENNAI,600097,Rajiv Gandhi SalaiKarapakkam 
3131,MISRIMAL NAVAJEE MUNOTH JAIN SCHOOL OF ARCHITECTURE,,CHENNAI,600097,Jothi NagarThoraipakkam 
3132,ST. MARY'S SCHOOL OF MANAGEMENT STUDIES,,CHENNAI,600097,Jeppiaar Educational TrustJeppiaar Nagar Rajiv Gandhi Salai
3133,"JAWAHAR SCHOOL OF ARCHITECTURE PLANNING AND DESIGN,SALIGRAMAM",,CHENNAI,600093,"Sabarmathi, No.54K.K.Road Saligramam"
3134,NATIONAL INSTITUTE OF TECHNICAL TEACHERS TRAINING AND RESEARCH,,CHENNAI,600113,CSIR RoadNear Tidle Park Taramani
3176,AARUPADAI VEEDU INSTITUTE OF TECHNOLOGY,,KANCHIPURAM,603104,Vinayaga NagarOld Mahapalipuram Road Paiyanoor
3177,HINDUSTAN COLLEGE OF ENGINEERING,,KANCHIPURAM,603103,"Post Box No.01Rajiv Gandhi Salai Padur, Chengalpattu TK"
4101,ADHI COLLEGE OF ENGINEERING AND TECHNOLOGY,,KANCHIPURAM,631605,"No: 6, Muni Adi Nagar, Madura Sankarapuram Village, Puliambakkam Post"
4102,APOLLO PRIYADARSHANAM INSTITUTE OF TECHNOLOGY,,KANCHIPURAM,631604,"Tambaram-Kancheepuram Main Road, Oragadam, Walajabad Via, Chengalpattu"
4103,ARM COLLEGE OF ENGINEERING AND TECHNOLOGY,CHENGALPATTU,CHENGALPATTU,603209,"Sattamangalam Village, Maraimalainagar"
4104,ASAN MEMORIAL COLLEGE OF ENGINEERING AND TECHNOLOGY,,CHENGALPATTU,603105,"Oragadam Road, Thandarai Village, Periya Irumbedu Post"
4105,ARS COLLEGE OF ENGINEERING,,CHENGALPATTU,603209,"Sattamangalam, Maraimalai Nagar Post"
4106,DHAANISH AHMED COLLEGE OF ENGINEERING,,TAMBARAM,601301,"SH 48, Dhaanish Nagar, Vanchuvanchery, Padappai Post"
4107,DHANALAKSHMI COLLEGE OF ENGINEERING,,TAMBARAM,601301,"Dr. V.P.R Nagar, Manimangalam"
4108,G.K.M. COLLEGE OF ENGINEERING AND TECHNOLOGY,TAMBARAM,CHENNAI,600063,"G.K.M Nagar, Alappakkam-Mappedu Road, Perungalthur"
4109,GALAXY INSTITUTE OF MANAGEMENT,SRIPERUMBUDHUR,KANCHIPURAM,602105,"Tambaram Road, Vellarai"
4110,GOPAL RAMALINGAM MEMORIAL ENGINEERING COLLEGE,,TAMBARAM,601301,"Rajeswari Nagar, Panapakkam, Padappai"
4111,INDIRA GANDHI COLLEGE OF ENGINEERING AND TECHNOLOGY FOR WOMEN,,KANCHIPURAM,603101,"No.68, Chengalpattu-Kancheepuram High Road, Athur Post, Chengalpattu"
4112,LORD AYYAPPA INSTITUTE OF ENGINEERING AND TECHNOLOGY,,KANCHIPURAM,631605,"Walajabad Via, Uthukadu"
4113,LORD VENKATESHWARAA ENGINEERING COLLEGE,,KANCHIPURAM,631605,"Puliyambakkam, Walajabad Via"
4114,NEW PRINCE SHRI BHAVANI COLLEGE OF ENGINEERING AND TECHNOLOGY,,CHENNAI,600073,"Vengaivasal Main Road, Gowrivakkam"
4115,PERI INSTITUTE OF TECHNOLOGY,CHENGALPATTU,CHENNAI,600048,"Mannivakkam, Vandalur Via, Near West Tambaram"
4116,PRINCE DR.K.VASUDEVAN COLLEGE OF ENGINEERING AND TECHNOLOGY,,CHENNAI,600048,"Medavakkam-Mambakkam Road, Ponmar Village & Post"
4117,PRINCE SHRI VENKATESHWARA PADMAVATHY ENGINEERING COLLEGE,,CHENNAI,600048,"Medavakkam-Mambakkam Road, Ponmar"
4118,RRASE COLLEGE OF ENGINEERING,SRIPERUMBUDHUR,KANCHIPURAM,601301,"Walajabad Road, Vanchuvancherry Village, Padappai"
4119,SHRI ANDAL ALAGAR COLLEGE OF ENGINEERING,MADURANTHAGAM,CHENGALPATTU,603111,"No:6, G.S.T.Road, Mamandur Village"
4120,SRI KRISHNA ENGINEERING COLLEGE,,TAMBARAM,601302,"Panapakkam, Serparanchery Post, Padappai"
4121,SRI KRISHNA INSTITUTE OF TECHNOLOGY,,TAMBARAM,601301,"Navaneedham Nagar, Panapakkam Padappai"
4122,SRI LAKSHMI AMMAL ENGINEERING COLLEGE,,CHENNAI,600073,"Agaram Then Road, Thiruvanchery, Selaiyur, Madambakkam Post"
4123,SRI RAMANUJAR ENGINEERING COLLEGE,,CHENNAI,600048,"Vandalur-Kelambakkam Road, Kolapakkam, Vandalur"
4124,SRI SAI RAM INSTITUTE OF TECHNOLOGY,,CHENNAI,600044,"Sai Leo Nagar, Dharkast Ettayapuram, West Tambaram"
4125,SRI SAIRAM ENGINEERING COLLEGE,,CHENNAI,600044,"Sai Leo Nagar, Poonthandalam, West Tambaram"
4126,SRI VENKATESWARAA COLLEGE OF TECHNOLOGY,,SRIPERUMBUDUR,602105,"Vadakal Village, Mathur Post"
4127,TAGORE ENGINEERING COLLEGE,,CHENNAI,600048,"Vandalur-Kelambakkam Road, Rathinamangalam, Vandalur Via"
4128,SRM VALLIAMMAI ENGINEERING COLLEGE,,CHENGALPATTU,603203,"Potheri, S.R.M. Nagar, Kattankulathur Post"
4129,VI INSTITUTE OF TECHNOLOGY,,CHENGALPATTU,603108,"No.96, Chengalpattu-Thiruporur Highway, Sirunkundram"
4130,ANNAI VEILANKANNI'S COLLEGE OF ENGINEERING,,CHENNAI,600048,"33, Gandhi RoadNedunkkundram, Perungulathur"
4176,B.S.ABDUR RAHMAN CRESCENT ENGINEERING COLLEGE,CHENGALPATTU,KANCHIPURAM,600048,"Seethakathi Estate, G.S.T RoadVandalur Vill and Post"
4177,BHARATH INSTITUTE OF SCIENCE AND TECHNOLOGY,TAMBARAM,CHENNAI,600073,"No:173, Agharam RoadSelaiyur"
4178,S.R.M. ENGINEERING COLLEGE,,CHENGALPATTU,603203,"SRM Nagar, Potheri, Kattankulathur(Po)"
4201,A K T MEMORIAL COLLEGE OF ENGINEERING AND TECHNOLOGY,,VILUPPURAM,606202,"A.K.T Nagar, Neelamangalam, Kallakurichi"
4202,A.C.T. COLLEGE OF ENGINEERING AND TECHNOLOGY,MADURANTHAGAM,CHENGALPATTU,603107,"No: 15, Bukkathurai-Uthiramerur Road, Nelvoy Village"
4203,A.R. ENGINEERING COLLEGE,,VILUPPURAM,605601,"Vadakuchipalayam, Kappiyampuliyur Post, Mundiyambakkam Via"
4204,ADHIPARASAKTHI ENGINEERING COLLEGE,CHEYYUR,MELMARUVATHUR,603319,"Cheyyur-Vandavasi Road, Melmaruvathur"
4205,AKSHEYAA COLLEGE OF ENGINEERING,MADURANTHAGAM,CHENGALPATTU,603314,"Pulidivakkam, Near Nelvoy Junction"
4206,ANNAI TERESA COLLEGE OF ENGINEERING,,CUDDALORE,607204,"Thirunavalur Village & Post, Ulunderpet Road, Ulunderpettai"
4207,C.K. COLLEGE OF ENGINEERING & TECHNOLOGY,,CUDDALORE,607003,"Jayaram Nagar, Chellankuppam"
4208,CHENDU COLLEGE OF ENGINEERING AND TECHNOLOGY,MADURANTHAGAM,CHENGALPATTU,603311,Zamin Endathur
4209,DR. PAUL'S ENGINEERING COLLEGE,"Vanur Taluk,",VILUPPURAM,605109,"Pauls Nagar, NH- 66, Pullichapallam"
4210,E.S. ENGINEERING COLLEGE,,VILUPPURAM,605602,"E.S.Nagar, NH-45, Chennai Trunk Road, Ayyankoilpattu"
4211,IFET COLLEGE OF ENGINEERING,,VILUPPURAM,605108,"IFET Nagar, Gangarampalayam Valavanur Post"
4212,KARPAGA VINAYAGA COLLEGE OF ENGINEERING AND TECHNOLOGY,,MADURANTHAGAM,603308,"G.S.T. Road, Palyanoor Post, Chinnakolambakkam"
4213,KRISHNASAMY COLLEGE OF ENGINEERING AND TECHNOLOGY,,CUDDALORE,607109,"Nellikuppam High Road, S. Kumarapuram, Maruthadu Post"
4214,KRS COLLEGE OF ENGINEERING,,VANDAVASI,604408,"Elangadu, Vandavasi - Tindivanam Road"
4216,MAILAM ENGINEERING COLLEGE,TINDIVANAM,VILUPPURAM,604304,Mailam
4217,S.R.I COLLEGE OF ENGINEERING AND TECHNOLOGY,,VANDAVASI,604408,"321/15, Melmaruvathur Road, Birudur"
4218,SARASWATHY COLLEGE OF ENGINEERING AND TECHNOLOGY,,VILUPPURAM,604307,"NH-45, G.S.T. Road, Olakkur, Tindivanam"
4219,SRI ARAVINDAR ENGINEERING COLLEGE,"Vanur Taluk,",VILUPPURAM,605111,"Pondy - Mailam Road, Sedarapet Post"
4220,SRI RANGAPOOPATHI COLLEGE OF ENGINEERING,Gingee,VILUPPURAM,604151,"Puduchery- Bangalore Highway, Alampoondi"
4221,ST.ANNE'S COLLEGE OF ENGINEERING AND TECHNOLOGY,PANRUTI,CUDDALORE,607110,"Anguchettypalayam, Siruvathur Post"
4222,SURYA GROUP OF INSTITUTIONS,,VILUPPURAM,605652,"G.S.T. Road, Surya Nagar, Vikiravandi"
4223,THIRUVALLUVAR COLLEGE OF ENGINEERING AND TECHNOLOGY,,VANDAVASI,604408,"Arunachal City, Ponnur Hills"
4223,THIRUVALLUVAR COLLEGE OF ENGINEERING AND TECHNOLOGY,,TIRUVANNAMALAI,604408,"Arunachal City, Ponnur Hills, Vandavasi"
4224,"UNIVERSITY COLLEGE OF ENGINEERING, TINDIVANAM",,TINDIVANAM,604001,"Melpakkam, Thiruvannamalai Bye Pass Road"
4225,"UNIVERSITY COLLEGE OF ENGINEERING, VILLUPURAM",,VILUPPURAM,605103,
4226,"UNIVERSITY COLLEGE OF ENGINEERING, PANRUTI",,CUDDALORE,607106,"Chennai - Kumbakonam Highway, Panikkankuppam, Panruti"
4227,V.R.S. COLLEGE OF ENGINEERING AND TECHNOLOGY,ULUNDURPET,VILUPPURAM,607107,Arasur Post
4228,VEDHANTHA INSTITUTE OF TECHNOLOGY,,VILUPPURAM,606115,"Vedhantha NagarTrichy-Chennai National Highwary NH-45, Padur Post, Ulundurpet"
4276,PERUMAL SAMI RISHI ENGINEERING COLLEGE,,,,
5101,ADHIPARASAKTHI COLLEGE OF ENGINEERING,ARCOT,VELLORE,632506,"G.B.Nagar, Kalavai Post and Village"
5102,ANNAMALAIAR COLLEGE OF ENGINEERING,,POLUR,606902,"Modaiyur Village, Chetpet-Polur Road"
5103,ARULMIGU MEENAKSHI AMMAN COLLEGE OF ENGINEERING,CHEYYAR,TIRUVANNAMALAI,604410,"Kalavai-Moranam Road, Vadamavandal Village, Namandi Post"
5104,ARUNAI ENGINEERING COLLEGE,,TIRUVANNAMALAI,606603,"Chittoor-Cuddalore Road, Velu Nagar, Thenmathur Village & Post"
5105,BHARATHIDASAN ENGINEERING COLLEGE,,NATTRAMPALLI,635852,"M.G.R. Nagar, K.Bandarapalli"
5106,C.ABDUL HAKEEM COLLEGE OF ENGINEERING AND TECHNOLOGY,WALAJA,VELLORE,632509,"Hakeem Nagar, Melvisharam"
5107,G.G.R. COLLEGE OF ENGINEERING,,VELLORE,632009,"Chennai-Bangalore Highway, Perumugai Village, Pillaiyarkuppam Post"
5108,GANADIPATHY TULSI'S JAIN ENGINEERING COLLEGE,VELLORE,VELLORE,632102,"Chittoor-Cuddalore Road, Kaniyambadi & Post"
5109,GLOBAL INSTITUTE OF ENGINEERING AND TECHNOLOGY,WALAJA,VELLORE,632509,"257/1, Chennai-Bangalore Highway, Melvisharam"
5110,J E I MATHAAJEE COLLEGE OF ENGINEERING,,KANCHIPURAM,631552,"Kancheepuram-Arakkonam Road, Siruvakkam, Vishakandikuppam"
5111,ARUNAI COLLEGE OF ENGINEERING,,TIRUVANNAMALAI,606603,"Chittoor-Cuddalore Road, Velu Nagar, Thenmathur Village & Post"
5112,KANCHI PALLAVAN ENGINEERING COLLEGE,KANCHIPURAM,KANCHIPURAM,631502,KolivakkamIyyengarkulam Post
5113,KINGSTON ENGINEERING COLLEGE,,VELLORE,632059,"Chithoor Main Road, Christianpet Village, Mettukulam Panchayat, Katpadi TK"
5114,OXFORD COLLEGE OF ENGINEERING,,POLUR,606803,"Venmani Village, Karaipoondi Post"
5115,P.T. LEE CHENGALVARAYA NAICKER COLLEGE OF ENGINEERING AND TECHNOLOGY,,KANCHIPURAM,631502,"Oovery Chathiram, Veliyur Post, Near White Gate"
5116,PALLAVA RAJA COLLEGE OF ENGINEERING,KANCHIPURAM,KANCHIPURAM,631502,"Kolivakkam, Iyyengarkulam Post"
5117,PALLAVAN COLLEGE OF ENGINEERING,,KANCHIPURAM,631502,"Bangalore-Chennai Highway, Thimmasamudram Village and Post, Near White Gate"
5118,PODHIGAI COLLEGE OF ENGINEERING AND TECHNOLOGY,THIRUPATTUR,VELLORE,635601,"Vinayakapuram, Adiyur Post"
5119,PRIYADARSHINI ENGINEERING COLLEGE,VANIYAMBADI,VELLORE,635751,"Barath Nagar, Chettiyappanur Village and Post"
5120,SRI RAMANA MAHARISHI COLLEGE OF ENGINEERING,CHEYYAR,TIRUVANNAMALAI,604407,"Kancheepuram - Cheyyar Main Road, Thumbai Village"
5121,RANIPPETTAI ENGINEERING COLLEGE,WALAJA,VELLORE,632513,"Chennai - Bangalore  Highway, Thenkadappanthangal"
5122,S.K.P. ENGINEERING COLLEGE,,TIRUVANNAMALAI,606611,"Bangalore - Puduchery Highway, Chinnakangiyanur Village, Somasipadi Post"
5123,S.K.P. INSTITUTE OF TECHNOLOGY,,TIRUVANNAMALAI,606611,"Chinnakangiyanur Village, Somasipadi Post"
5124,SARASWATHI VELU COLLEGE OF ENGINEERING,WALAJA,VELLORE,631102,"Jambukulam Road, Melvenkatapuram, Kattrampakkam Post"
5125,SHRI SAPTHAGIRI INSTITUTE OF TECHNOLOGY,ARAKONAM,VELLORE,632531,"No.381, MBT Road, Ocheri"
5126,SREE KRISHNA COLLEGE OF ENGINEERING,,VELLORE,632101,"Unnai Village, Anaicut Post"
5127,SRI BALAJI CHOCKALINGAM ENGINEERING COLLEGE,,ARNI,632317,"Arni - Arcot Road, Irumbedu Village and Post"
5128,SRI NANDHANAM COLLEGE OF ENGINEERING AND TECHNOLOGY,THIRUPATTUR,VELLORE,635601,"Molagaram Post, Molagarampatti Village"
5129,SRI RENUGAMBAL COLLEGE OF ARCHITECTURE,,POLUR,609907,C.C. RoadEttivadi
5130,ST.JOHN'S COLLEGE OF ENGINEERING AND TECHNOLOGY FOR WOMEN,,VELLORE,632011,"Dharmavaram Road, Pannathur, T.B.Sanitorium Post"
5131,THANTHAI PERIYAR GOVT INSTITUTE OF TECHNOLOGY,,VELLORE,632002,"T.P.G.I.T, Bagayam"
5132,THIRUMALAI ENGINEERING COLLEGE,,KANCHIPURAM,631551,"Kilambi, Krishnapuram Post"
5133,"UNIVERSITY COLLEGE OF ENGINEERING, ARNI",,ARNI,632326,"Arni to Devikapuram Road, Thatchur"
5134,"UNIVERSITY COLLEGE OF ENGINEERING, KANCHIPURAM",,KANCHIPURAM,631552,"NH-4, Chennai-Bangalore Highway, Ponnerikkarai, Karaipettai Post"
5135,ANNAI MIRA COLLEGE OF ENGINEERING AND TECHNOLOGY,,VELLORE,632517,"NH-4b, Chennai - Bengaluru HighwayArappakkam"
5136,SHRI SITHESWARAR ENGINEERING COLLEGE,,VELLORE,632503,Kalavai RoadPoongodu Arcot
5137,MMES ACADEMY OF ARCHITECTURE,,VELLORE,632509,"C.Abdul Hakeem College Campus, Hakeem Nagar, Melvisharam"
6101,ALPHA INSTITUTE OF MANAGEMENT,,NAMAKKAL,637201,"Puthu Puliyampatti, Chitalandur Post, Tiruchengode"
6102,ANNAPOORANA ENGINEERING COLLEGE,,SALEM,636308,"Sankari Main Road, NH-47, Periaseeragapadi"
6103,ARCHANA INSTITUTE OF TECHNOLOGY,,KRISHNAGIRI,635112,"NH-7, Salem Main Road, Thimapuram Village &  Post Kaveripattinam Via"
6104,COLLEGE OF BUSINESS MANAGEMENT,,KRISHNAGIRI,635111,Sappanipatti - NH7Karagur - (PO)
6105,DHIRAJLAL GANDHI COLLEGE OF TECHNOLOGY,OMALUR,SALEM,636309,"Sikkanampatty, Opposite to Salem Airport"
6106,DR.NAGARATHINAM'S COLLEGE OF ENGINEERING,RASIPURAM,NAMAKKAL,636203,"Alampalayam (Post), Mallur (Via)"
6107,GOVERNMENT COLLEGE OF ENGINEERING - BARGUR,,KRISHNAGIRI,635104,NH 46Chennai Bangalore Highway Bargur
6108,ER.PERUMAL MANIMEKALAI COLLEGE OF ENGINEERING,HOSUR,KRISHNAGIRI,635117,"NH-7, Hosur-Krishnagiri Highway, Nallaganakotha Pallli, Near Koneripalli"
6109,JAYALAKSHMI INSTITUTE OF TECHNOLOGY,NALLAMPALLI,DHARMAPURI,636352,Thoppur
6110,JAYAM COLLEGE OF ENGINEERING AND TECHNOLOGY,PENNAGARAM,DHARMAPURI,636813,"Dharmapuri - Hogenakkal Road, Nallanur"
6111,KNOWLEDGE BUSINESS SCHOOL,,SALEM,637504,"KIOT Campus, Kakapalayam Post"
6112,KNOWLEDGE INSTITUTE OF TECHNOLOGY,,SALEM,637504,"KIOT Campus, NH-47, Kakapalayam Post"
6113,MAHENDRA ENGINEERING COLLEGE,THIRUCHENGODE,NAMAKKAL,637503,"Mahendrapuri, Mallasamudram (W)"
6114,MAHENDRA ENGINEERING COLLEGE FOR WOMEN,,NAMAKKAL,637205,"Kumaramangalam, Namakkal Road, Tiruchengode"
6115,MAHENDRA INSTITUTE OF ENGINEERING AND TECHNOLOGY,,NAMAKKAL,637503,"Mahendhirapuri, Vadugapalayam, Mallasamudram (W), Tiruchengode"
6116,MAHENDRA INSTITUTE OF TECHNOLOGY,THIRUCHENGODE,NAMAKKAL,637503,"Mahendhirapuri, Vadugapalayam, Mallasamudram (W)"
6117,NARASU'S SARATHY INSTITUTE OF TECHNOLOGY,OMALUR,SALEM,636305,Poosaripatty
6118,P.S.V.COLLEGE OF ENGINEERING AND TECHNOLOGY,,KRISHNAGIRI,635108,"Balinayanapalli, Mittapalli, Elathagiri Via"
6119,RKKR SCHOOL OF MANAGEMENT STUDIES,,SALEM,637504,"Near KakkaPalayam, Ettimanikkampatti, Coimbatore Road"
6120,SAPTHAGIRI COLLEGE OF ENGINEERING,PALACODE,DHARMAPURI,635205,"Krishnagiri Main Road, Periyanahalli Post"
6121,SENGUNTHAR B SCHOOL FOR WOMEN,,NAMAKKAL,637205,"Sathinaickenpalayam, Kumaramangalam Post, Tiruchengode"
6122,SENGUNTHAR COLLEGE OF ENGINEERING,,NAMAKKAL,637205,"Sathinaickenpalayam Post, Kumaramangalam, Tiruchengode"
6123,SENGUNTHAR ENGINEERING COLLEGE,,NAMAKKAL,637205,"Sathinaickenpalayam, Kumaramangalam, Tiruchengode"
6124,SHREE SATHYAM COLLEGE OF ENGINEERING AND TECHNOLOGY,SANKARI,SALEM,637301,"Manjakkal Patty, Kuppanur Post"
6125,SRI VENKATESWARA INSTITUTE OF ENGINEERING,,KRISHNAGIRI,635115,"NH - 7, Bangalore Main Road, Melumalai"
6126,THE KAVERY COLLEGE OF ENGINEERING,METTUR,SALEM,636453,"M. Kalipatti, Mecheri"
6127,THE KAVERY ENGINEERING COLLEGE,METTUR,SALEM,636453,"Mecheri, M. Kalipatti Post"
6128,VARUVAN VADIVELAN INSTITUTE OF TECHNOLOGY,,DHARMAPURI,636703,"Krishnagiri Main Road, NH-7, Gundalapattay"
6129,VIVEKANANDHA COLLEGE OF ENGINEERING FOR WOMEN,,NAMAKKAL,637205,"Sathinaickenpalayam, Elayampalayam, Tiruchengode"
6130,VIVEKANANDHA COLLEGE OF TECHNOLOGY FOR WOMEN,,NAMAKKAL,637205,"Sathinaickenpalayam, Elayampalayam, Tiruchengode"
6131,VIVEKANANDHA INSTITUTE OF ENGINEERING & TECHNOLOGY FOR WOMEN,,NAMAKKAL,637205,"Sathinaickenpalayam, Elayampalayam, Tiruchengode"
6132,VIVEKANANDHA BUSINESS SCHOOL FOR WOMEN,,NAMAKKAL,637205,"Sathinaickenpalayam, Elayampalayam, Tiruchengode"
6133,VIVEKANANDHA INSTITUTE OF INFORMATION AND MANAGEMENT STUDIES,,NAMAKKAL,637205,"Sathinaickenpalayam, Elayampalayam, Tiruchengode"
6134,HOSUR INSTITUTE OF TECHNOLOGY AND SCIENCE,HOSUR,KRISHNAGIRI,635115,Errandapalli Village
6135,"GOVERNMENT COLLEGE OF ENGINEERING, DHARMAPURI",,DHARMAPURI,636704,
6136,SPECTRUM COLLEGE OF TECHNOLOGY,METTUR,SALEM,636303,AYYAMPUDURKOLATHUR POST
6176,ADHIYAMAAN COLLEGE OF ENGINEERING,,KRISHNAGIRI,635109,"Dr MGR Nagar, Chennai-Bangalore Highway Hosur"
6177,GOVERNMENT COLLEGE OF ENGINEERING - SALEM,,SALEM,636011,"NH 7, Bangalore Highway, Karuppur, Omalur(Tk.)"
6178,SONA COLLEGE OF TECHNOLOGY,,SALEM,636005,Sona NagarThiagarajar Polytechnic Road Suramangalam Post
6179,VINAYAKA MISSIONS KIRUPANANDA VARIYAR ENGINEERING COLLEGE,,SALEM,636308,Sankari Main Road (NH-47)Periya Seeragapadi 
6201,A V S ENGINEERING COLLEGE,,SALEM,636003,"Military Road, Near Sakthi Kailash Women's College, Ammapet"
6202,ANNAI MATHAMMAL SHEELA ENGINEERING COLLEGE,,NAMAKKAL,637013,"Erumapatty Post, Namakkal"
6203,BHARATHIYAR INSTITUTE OF ENGINEERING FOR WOMEN,Attur Taluk,SALEM,636112,"43/3, Deviyakurichi"
6204,BRAHMA SCHOOL OF BUSINESS,,NAMAKKAL,637020,"Namakkal-Trichy Main Road, Valayapatti Post"
6205,CMS COLLEGE OF ENGINEERING,,NAMAKKAL,637003,"C M S Nagar, Eranapuram"
6206,GANESH COLLEGE OF ENGINEERING,,SALEM,636111,"Attur Main Road, Mettupatti"
6207,GNANAMANI COLLEGE OF ENGINEERING,,NAMAKKAL,637018,"NH-7, A. K. Samuthiram, Pachal Post"
6208,GNANAMANI COLLEGE OF TECHNOLOGY,,NAMAKKAL,637018,"NH 7, A.K. Samuthriam, Pachal Post"
6209,GNANAMANI INSTITUTE OF MANAGEMENT STUDIES,,NAMAKKAL,637018,"NH-7, A.K. Samuthiram, Pachal Post"
6210,GREENTECH COLLEGE OF ENGINEERING FOR WOMEN,Attur Taluk,SALEM,636108,NH-68 Narasingapuram Post
6211,IDHAYA ENGINEERING COLLEGE FOR WOMEN,,VILUPPURAM,606201,"Nainarpalayam Road, Chinnasalem"
6212,KING COLLEGE OF TECHNOLOGY,,NAMAKKAL,637020,"Trichi Main Road, Nallur"
6213,KONGUNADU COLLEGE OF ENGINEERING AND TECHNOLOGY,THOTTIYAM,TIRUCHIRAPPALLI,621215,"Trichy - Namakkal Main Road, Tholurpatti"
6214,MAHA BARATHI ENGINEERING COLLEGE,KALLAKURICHI,VILUPPURAM,606201,"A. Vasudevanur, Chinnasalem"
6215,MAHENDRA COLLEGE OF ENGINEERING,,SALEM,636106,"Mahendra Salem Campus, Attur Main Road, Minnampalli"
6216,MUTHAYAMMAL ENGINEERING COLLEGE,RASIPURAM,NAMAKKAL,637408,"Kakkaveri Post, Rasipuram"
6217,MUTHAYAMMAL COLLEGE OF ENGINEERING,RASIPURAM,NAMAKKAL,637408,Kakkaveri Post
6218,P G P COLLEGE OF ENGINEERING AND TECHNOLOGY,,NAMAKKAL,637207,"NH-7, Namakal-Karur Main Road, Paramathi"
6219,PAAVAAI GROUP OF INSTITUTIONS,,NAMAKKAL,637018,"NH-7, Paavai  Nagar, Puduchatram Post, Pachal"
6220,PAAVAI COLLEGE OF ENGINEERING,,NAMAKKAL,637018,"NH-7, Paavai Nagar, Pachal"
6221,PAAVAI ENGINEERING COLLEGE,,NAMAKKAL,637018,"NH-7, Paavai Nagar, Pachal, Pachal"
6222,PAVAI COLLEGE OF TECHNOLOGY,,NAMAKKAL,637018,"NH-7, Paavai Nagar, Pachal"
6223,S R S COLLEGE OF ENGINEERING AND TECHNOLOGY,,SALEM,636122,"Harur Main Road, Kuppanur"
6224,SALEM COLLEGE OF ENGINEERING AND TECHNOLOGY,,SALEM,636111,"NH-68, Salem-Attur Main Road, M.Perumapalayam, Mettupatty, Selliamman Nagar"
6225,SELVAM COLLEGE OF TECHNOLOGY,,NAMAKKAL,637003,"NH-7, Salem Road, Ponnusamy Nagar, Pappinaickenpatti Post"
6226,SHREENIVASA ENGINEERING COLLEGE,,DHARMAPURI,635301,"Bommidi Village, B.Pallipatti post"
6227,SRG ENGINEERING COLLEGE,,NAMAKKAL,637017,"SH-95, Mohanur Road, Aniyapuram post"
6228,SRI GANESH SCHOOL OF BUSINESS MANAGEMENT,,SALEM,636111,"Attur Main Road, Mettupatti"
6229,T.S.M. JAIN COLLEGE OF TECHNOLOGY,,VILUPPURAM,606201,"Melur Village, Kallakurichi"
6230,TAGORE INSTITUTE OF ENGINEERING AND TECHNOLOGY,"Attur Taluk,",SALEM,636112,"Salem - Chennai Main Road, Deviyakurichi post"
6231,VSA GROUP OF INSTITUTIONS,,SALEM,636010,"NH-47, Main Road, Uthamasolapuram post"
6232,"VASAVI VIDYA TRUST GROUP OF INSTITUTIONS""""",,SALEM,636103,"Vysya College Campus, Masinaickenpatty, Ayothiyapattinam post, Ramakrishnapuram"
6233,VETRI VINAYAHA COLLEGE OF ENGINEERING AND TECHNOLOGY,,TIRUCHIRAPPALLI,621215,"Nammakal - Trichy main road, Tholurpatti, Thottiyam"
6234,SKANDHA SCHOOL OF ARCHITECTURE,,SALEM,637103,KUDALUR(PO)MAGUDANCHAVADI SANKAGIRI TK
6235,A V S COLLEGE OF TECHNOLOGY,,SALEM,636106,Attur Main RoadChinna Goundapuram
6236,INDIAN INSTITUTE OF HANDLOOM TECHNOLOGY,,SALEM,636001,FOULKE'S COMPOUNDTHILLAI NAGAR
7100,"ANNA UNIVERSITY REGIONAL CAMPUS, COIMBATORE",,COIMBATORE,641046,"Maruthamalai Road, Navavoor, Somayampalayam Post"
7101,ADITHYA INSTITUTE OF TECHNOLOGY,,COIMBATORE,641107,"S F NO. 344, Sathy Main Road, S.S. Kulum, Kurumbapalayam"
7103,ANGEL COLLEGE OF ENGINEERING AND TECHNOLOGY,,TIRUPPUR,641665,"Angal Nagar, P K Palayam, Ugayanur, Dharapuram Main Road"
7104,CHRIST THE KING ENGINEERING COLLEGE,,COIMBATORE,641104,"158/3 Onnipalayam Road, Cecilia Gardens, Chikkarampalayam Village, Karamadai"
7105,COIMBATORE INSTITUTE OF ENGINEERING AND TECHNOLOGY,,COIMBATORE,641109,"Vellimalaipattinam, Thondamuthur Via, Narasipuram"
7106,CSI COLLEGE OF ENGINEERING,Coonoor Taluk,THE NILGIRIS,643215,Ketti
7107,DR.N G P INSTITUTE OF TECHNOLOGY,Coimbatore North,COIMBATORE,641048,"Dr.N G P Nagar, Kalappatti Road"
7108,DR.NALLINI INSTITUTE OF ENGINEERING AND TECHNOLOGY,,TIRUPPUR,638673,"68, Palani road, Achiyur, Dharapuram"
7109,INDUS COLLEGE OF ENGINEERING,,COIMBATORE,641101,"Indus Valley, Kalimangalam Village, Alandurai Post"
7110,INFO INSTITUTE OF ENGINEERING,,COIMBATORE,641107,"S F NO.194-200, N.H.209, Sathy Road, Kovilpalayam"
7111,JANSONS INSTITUTE OF TECHNOLOGY,SULUR,COIMBATORE,641659,National Highway - 47Karumathampatti
7112,JAI SHRIRAM ENGINEERING COLLEGE,KANGAYAM,TIRUPPUR,638660,"Dharapuram Road, Avinashipalayam Post"
7113,K P R INSTITUTE OF ENGINEERING AND TECHNOLOGY,,COIMBATORE,641407,"S F NO.204/2 & 204/4, Kollupalayam, Arasur Panchayat"
7114,K.P.R.SCHOOL OF BUSINESS,,COIMBATORE,641407,"S F NO.204/4, KPR KNOWLEDGE CITY, Kollupalayam, Arasur Panchayat"
7115,KALAIGNAR KARUNANIDHI INSTITUTE OF TECHNOLOGY,SULUR,COIMBATORE,641402,"Pallapalayam, Kannampalayam Post"
7116,KATHIR COLLEGE OF ENGINEERING,,COIMBATORE,641062,"Wisdom Tree, Avinashi Road, Neelambur"
7117,KGISL INSTITUTE OF TECHNOLOGY,,COIMBATORE,641035,"365, Thudiyalur Road, KGISL Campus, Saravanampatti"
7118,KTVR KNOWLEDGE PARK FOR ENGINEERING AND TECHNOLOGY,,COIMBATORE,641025,"C/o KTVR Gardens, 219, Marudha Konar Road, Velandipalayam"
7119,KV INSTITUTE OF MANAGEMENT AND INFORMATION STUDIES,,COIMBATORE,641107,"N H 209, SATHY MAIN ROAD, Kurumbapalayam Post S. S. Kulam Via"
7120,MAHARAJA INSTITUTE OF TECHNOLOGY,SULUR,COIMBATORE,641407,"Arasur, Nillambur"
7121,MCGAN'S OOTY SCHOOL OF ARCHITECTURE,,THE NILGIRIS,643002,"P.B.No:17 , 5/635, Perar, Kothagiri  Road"
7122,PARK COLLEGE OF ENGINEERING AND TECHNOLOGY,"Palladam Taluk,",COIMBATORE,641659,"NH - 47, Avinashi Road, Kaniyur Post"
7123,PARK COLLEGE OF TECHNOLOGY,SULUR,COIMBATORE,641659,"Prema Ravi Nagar, Karumathampatti"
7124,PPG BUSINESS SCHOOL,Coimbatore North,COIMBATORE,641035,"Rathinagiri Road, Saravanampatti Post"
7125,PPG INSTITUTE OF TECHNOLOGY,Coimbatore North,COIMBATORE,641035,"Rathinagiri Road, Saravanampatti Post"
7126,PRAHAR SCHOOL OF ARCHITECTURE,,COIMBATORE,641043,"Prahar Foundation, 11-A, Remy LayoutBharathi Park Cross 3rd Road Saibaba Colony"
7127,AMBAL PROFESSIONAL GROUP OF INSTITUTIONS,,TIRUPPUR,641662,"166, 167 Professional Nagar, NH-67, K.N.Puram, Palladam, Near Karanampettai"
7128,R V S COLLEGE OF ENGINEERING AND TECHNOLOGY,SULUR,COIMBATORE,641402,"Kumaran Kottam Campus, Kannampalayam"
7129,RVS TECHNICAL CAMPUS-COIMBATORE,SULUR,COIMBATORE,641402,"Kumaran Kottam Campus, Kannampalayam"
7130,RANGANATHAN ARCHITECTURE COLLEGE,,COIMBATORE,641109,"Zakirnaikan Palayam, Viraliyur Post, Thondamuthur Via"
7131,SRI SAI RANGANATHAN ENGINEERING COLLEGE,,COIMBATORE,641109,"REC Kalvi Nagar, Viraliyur Post, Thondamuthur Via"
7132,RVS INSTITUTE OF MANAGEMENT STUDIES,SULUR,COIMBATORE,641105,"Kumaran Kottam Campus, Kannampalayam"
7133,S N S COLLEGE OF ENGINEERING,,COIMBATORE,641107,"S N S Kalvi Nagar, Sathy Main Road, Kurumbapalayam Post, S. S. Kulam Via"
7134,SASURIE ACADEMY OF ENGINEERING,Coimbatore North,COIMBATORE,641653,"NH-209, Sathy Main Road, Kariyampalayam"
7135,SNS COLLEGE OF TECHNOLOGY,,COIMBATORE,641035,"SNS Kalvi Nagar, NH - 209, Sathy Main Road, Vazhiyampalayam"
7136,SREE SAKTHI ENGINEERING COLLEGE,,COIMBATORE,641104,"899/1, 898/2 Bettathapuram, Bilichi Village, Karamadai"
7137,SRI KRISHNA INSTITUTE OF MANAGEMENT,Coimbatore South,COIMBATORE,641008,"Sugunapuram, Kuniamuthur"
7138,SRI RAMAKRISHNA INSTITUTE OF TECHNOLOGY,Coimbatore South,COIMBATORE,641010,"Pachapalyam, Perur Chettipalayam"
7139,SRI RANGANATHAR INSTITUTE OF ENGINEERING & TECHNOLOGY,Coimbatore North,COIMBATORE,641110,"Thudialur -  Kovilpalayam Road, Athipalayam"
7140,SRI SHAKTHI INSTITUTE OF ENGINEERING AND TECHNOLOGY,,COIMBATORE,641062,"S.F.No. 60 & 62, L & T By Pass, Sri Sakthi Nagar, Irugur Village, Chinniyampalayam Post"
7141,SRIGURU INSTITUTE OF TECHNOLOGY,,COIMBATORE,641110,"Kondayampalayam Post, Varathaiyangarpalayam, Near Saravanampatti"
7142,TAMILNADU COLLEGE OF ENGINEERING,SULUR,COIMBATORE,641659,"Palanisame Ravi Nagar, Karumathampatti Post"
7143,TAMILNADU SCHOOL OF ARCHITECTURE,SULUR,COIMBATORE,641659,"TCE Campus, Karumathampatti"
7144,TEJAA SHAKTHI INSTITUTE OF TECHNOLOGY FOR WOMEN,,COIMBATORE,641659,"NH-47, Avinashi Road, Near Chenniadavar Kovil, Karumathampatti"
7145,UNITED INSTITUTE OF TECHNOLOGY,Coimbatore North,COIMBATORE,641020,"G.Kovundampalayam, PeriyaNaikenpalayam"
7146,R V S COLLEGE OF COMPUTER APPLICATION,SULUR,COIMBATORE,641105,"Kumaran Kottam Campus, Kannampalayam"
7147,R.V.S. SCHOOL OF ARCHITECTURE,SULUR,COIMBATORE,641105,"Kumaran Kottam Campus, Kannampalayam"
7148,SCAD INSTITUTE OF TECHNOLOGY,,TIRUPPUR,641664,AnupattPalladam
7149,"SCHOOL OF ARCHITECTURE,C.I.E.T",,COIMBATORE,641109,"Coimb. Inst. of Engg and TechVellimalai Pattinam, Narasipuram Post"
7150,SUGUNA COLLEGE OF ENGINEERING,,COIMBATORE,641014,"386-387, Nehru NagarKalapatti Road"
7151,SUGUNA SPARK BUSINESS SCHOOL,,COIMBATORE,641107,KallipalayamCoimbatore
7152,VIVEKANANDA INSTITUTE OF MANAGEMENT STUDIES,,COIMBATORE,641107,SF NO.143/1A2Kovilpalayam S.S. Kulam Post
7153,ASIAN COLLEGE OF ENGINEERING AND TECHNOLOGY,,COIMBATORE,641110,"294/2, Asian College RoadNear Saravanampatti Kondayampalayam"
7154,PARK INSTITUTE OF ARCHITECTURE,,COIMBATORE,641659,Avinashi RoadNH-47 Kaniyur
7155,PSG INSTITUTE OF TECHNOLOGY AND APPLIED RESEARCH,,COIMBATORE,641062,Avinashi RoadNeelambur Sulur
7156,TIPS SCHOOL OF MANAGEMENT,Coimbatore South,COIMBATORE,641107,"SF 361/1A, Karuvalur RoadSS Kulam Post"
7157,TIPS SCHOOL OF ARCHITECTURE,,COIMBATORE,641107,"SF 361/1A, Karuvalur RoadMGC Palayam SS Kulam Post"
7176,COIMBATORE INSTITUTE OF TECHNOLOGY,,COIMBATORE,641014,"Avinashi Road, Civil Aerodrome Post Coimbatore"
7177,"GOVERNMENT COLLEGE OF TECHNOLOGY, COIMBATORE",,COIMBATORE,641013, G.C.T Post
7178,KARPAGAM COLLEGE OF ENGINEERING,,COIMBATORE,641032,"Myleripalayam VillageOthakkalMandapam, Coimbatore"
7179,KUMARAGURU COLLEGE OF TECHNOLOGY,,COIMBATORE,641049, Saravanampatty
7180,P.S.G. COLLEGE OF TECHNOLOGY,,COIMBATORE,641004,"Post Box No.1611Avinashi Road, Peelamedu"
7181,SRI RAMAKRISHNA ENGINEERING COLLEGE,,COIMBATORE,641022, Vattamalaipalayam
7182,AMRITA INSTITUTE OF TECHNOLOGY AND SCIENCE,,COIMBATORE,641112,Amrita NagarEttimadai Post
7201,A.S.L. PAULS COLLEGE OF ENGINEERING AND TECHNOLOGY,POLLACHI,COIMBATORE,642109,"Eloor, Solavampalayam Village"
7202,AJK INSTITUTE OF MANAGEMENT,,COIMBATORE,641105,"Pichanur Village, Palakkad Main Road, Navakkarai"
7203,AKSHAYA COLLEGE OF ENGINEERING & TECHNOLOGY,POLLACHI,COIMBATORE,642109,"Bagavathipalayam Road, Kinathukadavu"
7204,C M S COLLEGE OF ENGINEERING AND TECHNOLOGY,,COIMBATORE,641032,"Appachigoundenpathy, Kumittipathi, Othakalmandapam Via"
7205,EASA COLLEGE OF ENGINEERING AND TECHNOLOGY,Coimbatore South,COIMBATORE,641105,"NH-47, Palakkad Main Road, Navakkarai"
7206,HAPPY VALLEY BUSINESS SCHOOL,,COIMBATORE,641105,"Velandavalam Road, Veerapanur, Pichanur Post, K.G.Chavadi Via"
7207,HINDUSTHAN COLLEGE OF ENGINEERING AND TECHNOLOGY,Coimbatore South,COIMBATORE,641032,"Malumichampatty, Othakkalmandapam Post"
7208,HINDUSTHAN INSTITUTE OF TECHNOLOGY,Coimbatore South,COIMBATORE,641032,"Malumichampatty, Othakkalmandapam Post"
7209,J C T COLLEGE OF ENGINEERING AND TECHNOLOGY,Coimbatore South,COIMBATORE,641105,"Nattukal-Velamthavalam Highway, Pichanur"
7210,NEHRU INSTITUTE OF TECHNOLOGY,Coimbatore South,COIMBATORE,641105,"Jawahar Gardens, Thirumalayampalayam"
7211,STUDYWORLD COLLEGE OF ENGINEERING,,COIMBATORE,641105,"1/2A-1, Alagu Nachiamman Koil Road, Palathurai Post, Madukkarai"
7212,KARPAGAM INSTITUTE OF TECHNOLOGY,,COIMBATORE,641105,"S.F. No.247& 248, L&T Bypass Road, Seerapalayam Village, Bodipalayam Post"
7214,NEHRU INSTITUTE OF ENGINEERING AND TECHNOLOGY,Coimbatore South,COIMBATORE,641105,"NEHRU GARDENS, Thirumalayampalayam Post"
7215,NEHRU INSTITUTE OF INFORMATION TECHNOLOGY AND MANAGEMENT,Coimbatore South,COIMBATORE,641105,"NEHRU GARDENS, Thirumalayampalayam Post"
7216,NEHRU INSTITUTE OF MANAGEMENT STUDIES,Coimbatore South,COIMBATORE,641105,"NEHRU GARDENS, Thirumalayampalayam Post"
7217,P A COLLEGE OF ENGINEERING AND TECHNOLOGY,,COIMBATORE,642002,"Palladam Road, Puliyampatti, Pollachi"
7218,RATHINAM TECHNICAL CAMPUS,,COIMBATORE,641021,"Rathinam Techzone Campus, Pollachi Road, Eachanari"
7219,DHANALAKSHMI SRINIVASAN COLLEGE OF ENGINEERING,,COIMBATORE,641105,"NH-47, Palakkad Main Road, Navakkarai, Pichanur"
7220,S V S COLLEGE OF ENGINEERING,,COIMBATORE,642109,"JP Nagar, Arasampalayam, Pollachi"
7221,S V S SCHOOL OF ARCHITECTURE,,COIMBATORE,642109,"JP Nagar, Arasampalayam, Pollachi"
7222,SAKTHI INSTITUTE OF INFORMATION AND MANAGEMENT STUDIES,,COIMBATORE,642001,"Nethaji Road, Pollachi"
7223,SAN INTERNATIONAL BUSINESS SCHOOL,Coimbatore South,COIMBATORE,641105,"ACC Pirivu, Mavuthampathy VillageNavakkarai Post, (Near Walayar)"
7224,SAN INTERNATIONAL INFO SCHOOL,Coimbatore South,COIMBATORE,641105,"ACC Pirivu, Mavuthampathy VillageNavakkarai Post, (Near Walayar)"
7225,SASI CREATIVE SCHOOL OF BUSINESS,Coimbatore South,COIMBATORE,641032,"293/2A, Pollachi Main Road, Myleripalayam"
7226,SNT GLOBAL ACADEMY OF MANAGEMENT STUDIES AND TECHNOLOGY,,COIMBATORE,641105,"NH-47, (Near L&T Byepass Junction), Chettipalayam Pirivu, Madukkarai Post"
7227,SREE NARAYANA GURU INSTITUTE OF  MANAGEMENT STUDIES,Coimbatore South,COIMBATORE,641105,"NH-47, Pallkad Main Road, K.G Chavadi"
7228,SRI ESHWAR COLLEGE OF ENGINEERING,POLLACHI,COIMBATORE,641202,"Kondampatti, Vadasithur Via"
7229,SRI VENKATESWARA COLLEGE OF COMPUTER APPLICATIONS AND MANAGEMENT,Coimbatore South,COIMBATORE,641105,"SF, 348/1, 3G ROAD, Ettimadai, Palakkad Road"
7230,SRI VENKATESWARA INSTITUTE OF INFORMATION TECHNOLOGY AND MANAGEMENT,Coimbatore South,COIMBATORE,641105,"SF, 348/1, 3G ROAD, Ettimadai, Palakkad Road"
7231,SVS INSTITUTE OF COMPUTER APPLICATIONS,Coimbatore South,COIMBATORE,642109,"JP Nagar, ArasampalayamMyleripalayam Via"
7232,SVS INSTITUTE OF MANAGEMENT STUDIES,Coimbatore South,COIMBATORE,642109,"JP Nagar, ArasampalayamMyleripalayam Via"
7233,AKSHAYA INSTITUTE OF MANAGEMENT STUDIES,,COIMBATORE,641032,"S F NO. 209, Premier Ngr Rd, Myleripalayam, Othakkalmandapam"
7234,N.R. SCHOOL OF ARCHITECTURE,,COIMBATORE,641202,
7235,NIGHTINGALE INSTITUTE OF TECHNOLOGY,,COIMBATORE,641105,"M.G.R Nagar, L & T Bye-Pass, Madukkarai Market Road, Madukkarai"
7236,POLLACHI INSTITUTE OF ENGINEERING AND TECHNOLOGY,,COIMBATORE,642205,"107 / 1.B. Main Road, Poosaripatti, Pollachi"
7237,V.S.B. COLLEGE OF ENGINEERING TECHNICAL CAMPUS,POLLACHI,COIMBATORE,642109,"Solavampalayam Village, Kinathukadavu"
7238,SASI CREATIVE SCHOOL OF ARCHITECTURE,,COIMBATORE,641032,"293/2B, Roja Raja Garden, NH209, Myleripalayam, Pollachi Main Road"
7239,ARJUN COLLEGE OF TECHNOLOGY,,COIMBATORE,642120,"310/1B, Chettiyakkapalayam, Thamaraikulam-Nehamam Main Road, Kinathukadavu"
7240,DHAANISH AHMED INSTITUTE OF TECHNOLOGY,,COIMBATORE,641018,"Pichanur Village, Coimbatore South "
7241,VISHNU LAKSHMI COLLEGE OF ENGINEERING & TECHNOLOGY,,COIMBATORE,641111,"10/1, Kambar StreetKanjikonampalayam Vellalore Post"
7242,CAPITAL COLLEGE OF ARCHITECTURE,,COIMBATORE,641105,"NH 47 CHETTIPALAYAM PIRIVU, PALAKKAD MAIN ROAD, MADUKKARAI"
7243,HINDUSTAN SCHOOL OF ARCHITECTURE,,COIMBATORE,641032,OTHAKALMANDAPAM POSTPOLLACHI MAIN ROAD MALUMICHAMPATTY
7244,NEHRU SCHOOL OF ARCHITECTURE,,COIMBATORE,641008,"#451-D, PALAKKAD ROAD KUNIAMTHUR"
7245,SAN ACADEMY OF ARCHITECHTURE,,COIMBATORE,641105,ACC PIRIVUNAVAKKARAI POST WALAYAR
7246,RATHINAM SCHOOL OF ARCHITECTURE,,COIMBATORE,641021,"Rathinam Techzone Campus, Pollachi Main Road, Eachanari"
7276,DR. MAHALINGAM COLLEGE OF ENGINEERING & TECHNOLOGY,,COIMBATORE,642003,"NPT-MCET Campus, Udumalai Road, Makkinaickenpatti, Pollachi"
7277,SRI KRISHNA COLLEGE OF ENGINEERING & TECHNOLOGY,,COIMBATORE,641008, Kuniamuthur
7278,SRI KRISHNA COLLEGE OF TECHNOLOGY,Coimbatore,COIMBATORE,641042,"Kovaipudur Post, Kovaipudur"
7301,AISHWARYA COLLEGE OF ENGINEERING AND TECHNOLOGY,BHAVANI,ERODE,638312,"Errattaikaradu, Paruvachi Post"
7302,AL-AMEEN ENGINEERING COLLEGE,ERODE,ERODE,638104,"Karundevanpalayam, Nanjai Uthukkuli"
7303,BUILDERS ENGINEERING COLLEGE,KANGAYAM,TIRUPPUR,638108,Mullipuram PostNathakadaiyur
7304,ERODE SENGUNTHAR ENGINEERING COLLEGE,PERUNDURAI,ERODE,638057,
7305,EXCEL BUSINESS SCHOOL,THIRUCHENGODE,NAMAKKAL,637303,"NH-47 Salem Main Road, Pallakapalayam, Sankari West Via"
7306,EXCEL COLLEGE OF ARCHITECTURE AND PLANNING,THIRUCHENGODE,NAMAKKAL,637303,"NH-47 Salem Main Road, Pallakapalayam, Sankari West Via"
7307,EXCEL COLLEGE OF ENGINEERING AND TECHNOLOGY,THIRUCHENGODE,NAMAKKAL,637303,"NH-47 Salem Main Road, Pallakapalayam, Sankari West Via"
7308,EXCEL COLLEGE OF TECHNOLOGY,THIRUCHENGODE,NAMAKKAL,637303,"NH-47 Salem Main Road, Pallakapalayam, Sankari West Via"
7309,EXCEL ENGINEERING COLLEGE,THIRUCHENGODE,NAMAKKAL,637303,"NH-47 Salem Main Road, Pallakapalayam, Sankari West Via"
7310,GEM BUSINESS ACADEMY,,ERODE,638456,"Kolappalur, Gobichettipalayam"
7311,INSTITUTE OF ROAD AND TRANSPORT TECHNOLOGY,,ERODE,638316,"Suriyam Palayam, Sri Vasavi College Post"
7312,J K K MUNIRAJAH COLLEGE OF TECHNOLOGY,Gobi Taluk,ERODE,638506,T.N.Palayam Post
7313,J.K.K. NATARAJA COLLEGE OF ENGINEERING AND TECHNOLOGY,,NAMAKKAL,638183,"P.B.No.151, Natarajapuram, Thattankuttai Panchayat, NH-47, Komarapalayam"
7314,J.K.K.MUNIRAJAH SCHOOL OF ARCHITECTURE,Gobi Taluk,ERODE,638506,T.N.Palayam Post
7315,K.S.R. COLLEGE OF ENGINEERING,THIRUCHENGODE,NAMAKKAL,637215,
7316,KSR INSTITUTE FOR ENGINEERING AND TECHNOLOGY,,NAMAKKAL,637215,"KSR Kalvi Nagar, Thokkavadi Post"
7317,M.P. NACHIMUTHU M. JAGANATHAN ENGINEERING COLLEGE,,ERODE,638112,"Murugathozhuvu Post, Chennimalai"
7318,MAHARAJA ENGINEERING COLLEGE,AVINASHI,TIRUPPUR,641654,"Kuppandampalayam, Palankarai"
7319,MAHARAJA ENGINEERING COLLEGE FOR WOMEN,,ERODE,638052,"Post Box No. 17, Erode Road, Perundurai"
7320,MAHARAJA PRITHVI ENGINEERING COLLEGE,AVINASHI,TIRUPPUR,641654,Kuppandapalayam Post
7321,NANDHA COLLEGE OF TECHNOLOGY,,ERODE,638052,"235, Chennimalaipalayam Road, Veppampalayam Village, Pitchandampalayam Post"
7322,NANDHA ENGINEERING COLLEGE,,ERODE,638052,"28, Erode - Perundurai Road, Vaikkalmedu, Pitchandampalayam Post"
7323,S.S.M. COLLEGE OF ENGINEERING,THIRUCHENGODE,NAMAKKAL,638183,"NH-47, Salem Main RoadValayakaranur, Komarapalayam"
7324,SASURIE COLLEGE OF ENGINEERING,AVINASHI,TIRUPPUR,638056,"Uthukuli Main Road, Naduppati Post, Vijayamangalam Via"
7325,SHREE VENKATESHWARA HI-TECH ENGINEERING COLLEGE,,ERODE,638455,OthakuthiraiK.Mettupalayam Post Gobichettipalayam
7326,SRI RAMANATHAN ENGINEERING COLLEGE,AVINASHI,TIRUPPUR,638056,"Uthukuli Main Road, Naduppati Post, Vijayamangalam Via"
7327,SRI SHANMUGHA COLLEGE OF ENGINEERING AND TECHNOLOGY,SANKARI,SALEM,637304,"Pullipalayam Village, Morur Post"
7328,SURYA ENGINEERING COLLEGE,ERODE,ERODE,638107,MettukadaiKathirampatti Post
7329,VELALAR COLLEGE OF ENGINEERING AND TECHNOLOGY,ERODE,ERODE,638012,
7330,VIDHYA MANDHIR INSTITUTE OF TECHNOLOGY,,ERODE,638052,"Chennimalai State Highway, Ingur Post, Perundurai"
7331,VIDYAA VIKAS COLLEGE OF ENGINEERING AND TECHNOLOGY,,NAMAKKAL,637214,"Palipallayam Main Road, Tiruchengode"
7332,VIVEKANANDHA ENGINEERING COLLEGE FOR WOMEN,,SALEM,637303,"NH-47, Salem - Kovai Highway, Veerachipalayam, Sankari West Post"
7333,JAIRUPAA COLLEGE OF ENGINEERING,KANGAYAM,TIRUPPUR,641604,ThottiapalayamKathankannai (PO)
7334,KONGU SCHOOL OF ARCHITECTURE,,ERODE,638052,"Kongu Engg. Coll. CampusPerundurai Railway Station Road Thoppupalayam(PO), Perundurai"
7376,BANNARI AMMAN INSTITUTE OF TECHNOLOGY,,ERODE,638401,Sathy-Bhavani (State Highway)Alathukombai Sathyamangalam
7377,K.S.RANGASAMY COLLEGE OF TECHNOLOGY,,NAMAKKAL,637215, Thokkavadi
7378,KONGU ENGINEERING COLLEGE,,ERODE,638052,"Thoppupalyam, Vadamugam Vellode, Perundurai Post"
8100,"UNIVERSITY COLLEGE OF ENGINEERING, TIRUCHIRAPPALLI (BIT CAMPUS)",,TIRUCHIRAPPALLI,620024,"NH 210, Pudukkottai Main Road, Mandaiyur"
8101,C.A.R.E. SCHOOL OF ARCHITECTURE,,TIRUCHIRAPPALLI,620009,"No:27, Thayanoor Village, Kuttapatti"
8102,CAUVERY COLLEGE OF ENGINEERING AND TECHNOLOGY,SRIRANGAM,TIRUCHIRAPPALLI,639103,"Kulumani Main Road, Perur"
8103,DESIGNED ENVIRONMENT ACADEMY AND RESEARCH INSTITUTE,MANNACHANALLUR,TIRUCHIRAPPALLI,621213,Thirupainjili RoadPandiyapuram
8104,DHANALAKSHMI SRINIVASAN ENGINEERING COLLEGE,,PERAMBALUR,621212,"Thuraiyur Road, Perambalur"
8105,DHANALAKSHMI SRINIVASAN INSTITUTE OF MANAGEMENT,,PERAMBALUR,621212,"Thuraiyur Road, Perambalur"
8106,DR.NAVALAR NEDUNCHEZHIYAN COLLEGE OF ENGINEERING,,CUDDALORE,606303,"Raja Nagar, Vaithiyanathapuram, Tholudur"
8107,CARE College of Engineering,,TIRUCHIRAPPALLI,620009,"No.27, Thayanoor VillageDindigul Road"
8108,HALLMARK BUSINESS SCHOOL,,TIRUCHIRAPPALLI,620102,"Santhapuram, Allithurai-Pirattiyur Road, Somarasempettai Post"
8109,HOLY ANGELS SCHOOL OF BUSINESS,,PERAMBALUR,621113,"Chennai-Trichy National Highway, Siruvachur"
8110,IMAYAM COLLEGE OF ENGINEERING,THURAIYUR,TIRUCHIRAPPALLI,621206,"Kannanur, Vadakkuveli"
8111,IMAYAM COLLEGE OF INFORMATION TECHNOLOGY,THURAIYUR,TIRUCHIRAPPALLI,621206,"Kannanur Post, Vadakkuveli"
8112,INDRA GANESAN COLLEGE OF ENGINEERING,SRIRANGAM,TIRUCHIRAPPALLI,620012,"Madurai Main Road, NH-45B, Manikandam"
8113,J.J.COLLEGE OF ENGINEERING AND TECHNOLOGY,,TIRUCHIRAPPALLI,620009,"Ammapettai, Poolangulathupatti, Srirangam"
8114,JAYARAM COLLEGE OF ENGINEERING AND TECHNOLOGY,THURAIYUR,TIRUCHIRAPPALLI,621014,"Karattampatti, Pagalavadi Post"
8115,K. RAMAKRISHNAN COLLEGE OF ENGINEERING,,TIRUCHIRAPPALLI,621112,"Samayapuram, Kaniyamanickkam, Mannachannallur"
8116,K.K.C COLLEGE OF ENGINEERING AND TECHNOLOGY,,ARIYALUR,621802,"T.Palur RoadKaradekulam Post, Jayankondam"
8117,K.RAMAKRISHNAN COLLEGE OF TECHNOLOGY,,TIRUCHIRAPPALLI,621112,"Kariyamanikam Road, Samayapuram"
8118,KURINJI COLLEGE OF ENGINEERING AND TECHNOLOGY,,TIRUCHIRAPPALLI,621307,Vengaikurichi VillageMalaiyadipatti Post Manapparai
8119,M.A.M. SCHOOL OF ARCHITECTURE,,TIRUCHIRAPPALLI,621105,"Trichy-Chennai Trunk Road, Siruganur"
8120,M.A.M. COLLEGE OF ENGINEERING AND TECHNOLOGY,,TIRUCHIRAPPALLI,621105,"Trichy - Chennai Trunk Road, Siruganur"
8121,M.A.M. SCHOOL OF ENGINEERING,,TIRUCHIRAPPALLI,621105,"Trichy - Chennai Trunk Road, Siruganur"
8122,M.A.M.B. SCHOOL,,TIRUCHIRAPPALLI,621105,"Chennai main road, Siruganur"
8123,M.A.R. COLLEGE OF ENGINEERING AND TECHNOLOGY,ILUPPUR,PUDUKKOTTAI,621316,"NH-45B, Boothakudi, RasanaickanppattyPost"
8124,M.I.E.T. ENGINEERING COLLEGE,,TIRUCHIRAPPALLI,620007,"Trichy-Pudukkottai Road, Gundur"
8125,MAHALAKSHMI ENGINEERING COLLEGE,,TIRUCHIRAPPALLI,621213,"Salem - Trichy Main Road, Melpathu Village, Sirugambur Post"
8126,MAM COLLEGE OF ENGINEERING,,TIRUCHIRAPPALLI,621105,"Trichy-Chennai Trunk Road, Siruganur"
8127,MEENAKSHI RAMASWAMY ENGINEERING COLLEGE,UDAYARPALAYAM,ARIYALUR,621804,"Trichy Main Road, MR Kalvi Nagar, Thathanur Post"
8128,MOOKAMBIGAI COLLEGE OF ENGINEERING,,PUDUKKOTTAI,622502,"Srinivasanagar, Kalamavur Post, Keeranur"
8129,OASYS INSTITUTE OF TECHNOLOGY,MUSIRI,TIRUCHIRAPPALLI,621006,"Thuraiyur main road, Pullivalam village"
8130,OXFORD ENGINEERING COLLEGE,,TIRUCHIRAPPALLI,620009,"Pirattiyur, Karumandapam"
8131,PAVENDAR BHARATHIDASAN COLLEGE OF ENGINEERING AND TECHNOLOGY,,TIRUCHIRAPPALLI,620024,"Thanjai Natraj Nagar, Pudukottai Main Road, Mathur Post"
8132,PAVENDAR BHARATHIDASAN INSTITUTE OF INFORMATION TECHNOLOGY,,TIRUCHIRAPPALLI,620024,"Thanjai Natrajan Nagar, Pudukkottai Main Road, Mathur"
8133,R.V.S - K.V.K INSTITUTE OF MANAGEMENT STUDIES,,TIRUCHIRAPPALLI,621303,"Dindugal- Trichy Highway, Inamkulathur"
8134,ROEVER COLLEGE OF ENGINEERING AND TECHNOLOGY,,PERAMBALUR,621212,"Elambalur Post, Perambalur"
8135,ROEVER ENGINEERING COLLEGE,,PERAMBALUR,621212,"Elambalur Post, Perambalur"
8136,ROEVER INSTITUTE OF MANAGEMENT,,PERAMBALUR,621212,"Elambalur Post, Perambalur"
8138,SARANATHAN COLLEGE OF ENGINEERING,,TIRUCHIRAPPALLI,620012,"Venkateswara Nagar, NH-45B, Madurai Road, Panjappur"
8139,SHIVANI ENGINEERING COLLEGE,,TIRUCHIRAPPALLI,620009,"Poolangulathupatti, Trichy-Dindigul Main Road"
8140,SHIVANI COLLEGE OF ENGINEERING AND TECHNOLOGY,,TIRUCHIRAPPALLI,620009,"90 Navallurkuttapattu Village, Trichy-Dindigul Main Road"
8141,SHIVANI SCHOOL OF BUSINESS MANAGEMENT,,TIRUCHIRAPPALLI,620009,"NavallurKuttapattu Village, Trichy - Dindigul High Road"
8142,SHRI ANGALA AMMAN COLLEGE OF ENGINEERING AND TECHNOLOGY,MANNACHANALLUR,TIRUCHIRAPPALLI,621105,"Ramanan Nagar, Siruganoor"
8143,SRINIVASAN ENGINEERING COLLEGE,,PERAMBALUR,621212,"274/C Thuraiyur Road, Perambalur"
8144,SUDHARSAN ENGINEERING COLLEGE,KULATHUR,PUDUKKOTTAI,622501,Sathiyamangalam
8145,THE SELVAM WOMEN EXCELLENCE ENGINEERING TECHNOLOGY,,TIRUCHIRAPPALLI,620012,"Raja Nagar, Nagamangalam"
8146,TRICHY ENGINEERING COLLEGE,,TIRUCHIRAPPALLI,621132,"Somu Nagar, Konalai"
8147,SRM TRP ENGINEERING COLLEGE,MANNACHANALLUR,TIRUCHIRAPPALLI,621105,Irungalur Village
8148,"UNIVERSITY COLLEGE OF ENGINEERING, ARIYALUR",,ARIYALUR,621704,"Thelur, Kavanoor Village, Kathankudikadu, Thelur Post"
8149,DHANALAKSHMI SRINIVASAN COLLEGE OF ENGINEERING,,PERAMBALUR,621212,
8150,DHANALAKSHMI SRINIVASAN INSTITUTE OF RESEARCH AND TECHNOLOGY,,PERAMBALUR,621113,Trichy - Chennai Main RoadSiruvachur
8151,DHANALAKSHMI SRINIVASAN INSTITUTE OF TECHNOLOGY,,TIRUCHIRAPPALLI,621112,"NH - 45, Trichy - Chennai Main Road, Samayapuram"
8152,NALANDA SCHOOL OF BUSINESS,,PUDUKKOTTAI,620012,"Trichy - Madurai NH, Melapatchakudi, Edamalaipattipudur (Via) Fathima Nagar (PO)"
8153,RVS-KVK SCHOOL OF ARCHITECTURE,,TIRUCHIRAPPALLI,621303,"DINDIGUL HIGHWAY, INAMKULLATUR"
8154,SRI RAMAKRISHNA COLLEGE OF ENGINEERING,,PERAMBALUR,621113,"Sri Saradha Nagar, NH - 45"
8155,SURYA COLLEGE OF ENGINEERING,,TIRUCHIRAPPALLI,621132,Somu NagarKonalai
8156,ARIYALUR ENGINEERING COLLEGE,,ARIYALUR,621707,"NH 227, Karuppur, Trichy-Chithambaram National Highway Senapathi Post"
8157,ELIZABETH COLLEGE OF ENGINEERING AND TECHNOLOGY,VEPPANTHATTAI,PERAMBALUR,621102,"Selcrim Land, Annamangalam Post"
8158,NELLIANDAVAR INSTITUTE OF TECHNOLOGY,Ariyalur,ARIYALUR,621704,"Nerunjikori Village, Pudhupalayam"
8159,PRIME NEST COLLEGE  OF ARCHITECTURE AND PLANNING,,TIRUCHIRAPPALLI,621105,"V.J.P.CAMPUS, NAVALADUYAN NAGAR SIRUGANUR, TRICHY-CHENNAI HIGHWAY"
8176,PERIYAR MANIAMMAI COLLEGE OF TECHNOLOGY FOR WOMEN,,THANJAVUR,613403,"Periyar Nagar, Vallam"
8201,A.R.J. COLLEGE OF ENGINEERING AND TECHNOLOGY,MANNARGUDI,TIRUVARUR,614001,"Thirumakkottai Main Road, Edayarnatham, Sundarakkottai Post"
8202,A.R.J. INSTITUTE OF MANAGEMENT STUDIES,,TIRUVARUR,614001,"Ayyanar Gardens, Edayarnatham, Thirumakkottai Main Road, Mannargudi"
8203,A.V.C COLLEGE OF ENGINEERING,MAYILADUTHURAI,NAGAPATTINAM,609305,Mannampandal Post
8204,ANJALAI AMMAL MAHALINGAM ENGINEERING COLLEGE,Needamangalam Taluk,TIRUVARUR,614403,Kovil Venni
8205,ANNAI COLLEGE OF ENGINEERING AND TECHNOLOGY,,THANJAVUR,612503,"Anakudi Road, Kovilacheri, Kumbakonam"
8206,ARASU ENGINEERING COLLEGE,,THANJAVUR,612501,"Chennai Main Road, Thiruvisanallur, Kumbakonam"
8207,AS-SALAM COLLEGE OF ENGINEERING AND TECHNOLOGY,,THANJAVUR,612102,"Thirumangalakudi, Aduthurai"
8208,E.G.S.PILLAY ENGINEERING COLLEGE,,NAGAPATTINAM,611002,Nagore Post
8209,GNANAM SCHOOL OF BUSINESS,,THANJAVUR,613402,"Mary's Nagar, Trichy-Thanjavur Expressway, Sengipatti"
8210,K.S.K. COLLEGE OF ENGINEERING AND TECHNOLOGY,,THANJAVUR,612702,"Thanjavur Main Road, Ammapet Village, Darasuram Post, Kumbakonam"
8211,KINGS COLLEGE OF ENGINEERING,,PUDUKKOTTAI,613303,
8211,KINGS COLLEGE OF ENGINEERING,,PUDUKKOTTAI,613303,
8212,P.R.ENGINEERING COLLEGE,,THANJAVUR,613403,"Thanjavur-Trichy Highway, Vallam"
8213,PARISUTHAM INSTITUTE OF TECHNOLOGY AND SCIENCE,,THANJAVUR,613006,"Kamaraj Nagar, NH-67 Ring Road, Nanjikottai"
8214,PONNAIYAH RAMAJAYAM COLLEGE OF ENGINEERING AND TECHNOLOGY,,THANJAVUR,613403,"Vallam, Trichy-Thanjavur Highway"
8215,PRIME COLLEGE OF ARCHITECTURE AND PLANNING,,NAGAPATTINAM,611104,"Main Road, Kilvelur"
8216,SEMBODAI RUKMANI VARATHARAJAN ENGINEERING COLLEGE,,NAGAPATTINAM,614820,"Sembodai Village, Vedaraniam"
8217,SIR ISSAC NEWTON COLLEGE OF ENGINEERING AND TECHNOLOGY,,NAGAPATTINAM,611102,"Veilankanni Road, Pappakovil Village, Andhanapetai Post"
8218,SMR EAST COAST COLLEGE OF ENGINEERING AND TECHNOLOGY,PERAVURANI,THANJAVUR,614612,"Somanathapattinam, Thiruvathevan"
8219,ST.JOSEPH'S COLLEGE OF ENGINEERING AND TECHNOLOGY,,THANJAVUR,613403,"A.S.Nagar, Ellupatti Village"
8220,STAR LION COLLEGE OF ENGINEERING AND TECHNOLOGY,,THANJAVUR,614206,"Manankorai, Thanjavur- Kumbakonam Main Road"
8221,"UNIVERSITY COLLEGE OF ENGINEERING, PATTUKKOTTAI",PATTUKKOTTAI,THANJAVUR,614701,Rajamadam
8222,"UNIVERSITY COLLEGE OF ENGINEERING, THIRUKKUVALAI",,NAGAPATTINAM,610204,
8223,VANDAYAR ENGINEERING COLLEGE,,THANJAVUR,613501,"Nagai Main Road, Pulavarnatham  Post, Mariammankovil  Via"
8224,M R K INSTITUTE OF TECHNOLOGY,KATTUMANNARKOIL,CUDDALORE,608301,Nattarmangalam Post
8225,SWAMI VIVEKANANDA INSTITUTE OF MANAGEMENT,,THANJAVUR,613403,"199/1, S.V.Nagar, Vallam"
8226,ARIFA INSTITUTE OF TECHNOLOGY,THIRUKKUVALAI,NAGAPATTINAM,611103,Esanoor VillageKeelaiyur Post
8227,"GOVERNMENT COLLEGE OF ENGINEERING, THANJAVUR",,THANJAVUR,613402,"GANDARVAKOTTAI ROAD, SENGIPATTI"
8301,"GOVERNMENT COLLEGE OF ENGINEERING, SRIRANGAM",SRIRANGAM,TIRUCHIRAPPALLI,620012,
8302,SVS INTERNATIONAL COLLEGE OF ARCHITECTURE,KULATHUR,PUDUKKOTTAI,622501,"SF No.206/9, 40, 41, 42, 43, MELUR VILLAGE"
9100,"ANNA UNIVERSITY REGIONAL CAMPUS, MADURAI",,MADURAI,625019,"KANYAKUMARI NATIONAL HIGHWAY, KEELAKUILKUDI"
9101,C.R. ENGINEERING COLLEGE,,MADURAI,625301,"Alagar Kovil Road, Alagar Kovil"
9102,CENTRAL ELECTROCHEMICAL RESEARCH INSTITUTE (CSIR) KARAIKUDI,,SIVAGANGAI,630006,Karaikudi
9103,CHENDHURAN COLLEGE OF ENGINEERING AND TECHNOLOGY,THIRUMAYAM,PUDUKKOTTAI,622507,"Lena Vilakku, Pilivalam Post"
9104,FATIMA MICHAEL COLLEGE OF ENGINEERING AND TECHNOLOGY,,MADURAI,625020,"Kalimangalam Panchayat, Senkottai Village"
9105,GANAPATHY CHETTIAR COLLEGE OF ENGINEERING AND TECHNOLOGY,,RAMANATHAPURAM,623706,"Melakavanur, Muthukulathur Road, Paramakudi"
9106,K.L.N.COLLEGE OF ENGINEERING,,MADURAI,625001,
9107,K.L.N.COLLEGE OF INFORMATION TECHNOLOGY,,SIVAGANGAI,630611,"Madurai - Nedunkulam Road, Pottapalayam Post"
9108,KARAIKUDI INSTITUTE OF TECHNOLOGY AND KARAIKUDI INSTITUTE OF MANAGEMENT,,SIVAGANGAI,630307,"Keeranipatti, Thalakkavur, Karaikudi"
9109,KARPAGA VINAYAGA INSTITUTE OF MANAGEMENT,,PUDUKKOTTAI,622422,
9110,LATHA MATHAVAN ENGINEERING COLLEGE,,MADURAI,625301,"Latha Mathavan Nagar, KidariPatti Post, AlagarKovil Via"
9111,MADURAI INSTITUTE OF ENGINEERING AND TECHNOLOGY,MANAMADURAI,SIVAGANGAI,630611,Pottapalayam Village
9112,MAHATH AMMA INSTITUTE OF ENGINEERING AND TECHNOLOGY,ILUPPUR,PUDUKKOTTAI,622101,"N.M.Nagar, Sithanavasal Road, Ariyur"
9113,MICHAEL INSTITUTE OF MANAGEMENT,,MADURAI,625017,"9, Michael Garden, P & T Nagar Extn"
9114,MNSK COLLEGE OF ENGINEERING,,PUDUKKOTTAI,622305,"Dhakshinapuram, Vallathirakkottai Post"
9115,MOHAMED SATHAK ENGINEERING COLLEGE,,RAMANATHAPURAM,623806,"East Coast Road, Kilakarai"
9116,MOTHER TERASA COLLEGE OF ENGINEERING AND TECHNOLOGY,,PUDUKKOTTAI,622102,"Mettusalai, Illuppur Post"
9117,MOUNT ZION COLLEGE OF ENGINEERING AND TECHNOLOGY,THIRUMAYAM,PUDUKKOTTAI,622507,"Lena Vilakku, Pilivalam Post"
9118,OAA-MAVMM SCHOOL OF MANAGEMENT,,MADURAI,625301,"Kidaripatti, AlagarKoil"
9119,P.T.R.COLLEGE OF ENGINEERING AND TECHNOLOGY,,MADURAI,625008,"Thangapandiyan Nagar, Thoppur, Madurai - Tirumangalam Road, Austinpatti Post"
9120,PANDIAN SARASWATHI YADAV ENGINEERING COLLEGE,,SIVAGANGAI,630561,"Arasanoor, Tirumansolai Post"
9121,PANNAI COLLEGE OF ENGINEERING AND TECHNOLOGY,,SIVAGANGAI,630561,"Manamadurai Main Road, Keelakandani"
9122,SOLAMALAI COLLEGE OF ENGINEERING,,MADURAI,625001,"S.V.Raja Nagar, Veerapanjan"
9123,SACS M.A.V.M.M ENGINEERING COLLEGE,,MADURAI,625301,"Kidaripatty Post, Alagarkoil Via"
9124,SHANMUGANATHAN ENGINEERING COLLEGE,THIRUMAYAM,PUDUKKOTTAI,622507,"Arasampatti, Pilivalam Post"
9125,SRI RAAJA RAAJAN COLLEGE OF ENGINEERING AND TECHNOLOGY,,SIVAGANGAI,630301,"Amaravathi Village, Karaikudi"
9126,SRI BHARATHI ENGINEERING COLLEGE FOR WOMEN,,PUDUKKOTTAI,622303,"Kaikkurichi Village, Alangudi Post"
9127,ST.MICHAEL COLLEGE OF ENGINEERING & TECHNOLOGY,,SIVAGANGAI,630551,"St.Santhiagappar Nagar, Kalayarkoil"
9128,SYED AMMAL ENGINEERING COLLEGE,,RAMANATHAPURAM,623502,"Dr.E.M Abdullah Campus, Lanthai, Achunthanavayal Post"
9129,ULTRA COLLEGE OF ENGINEERING AND TECHNOLOGY FOR WOMEN,,MADURAI,625104,"ULTRA Nagar, Madurai - Chennai Highway"
9130,"UNIVERSITY COLLEGE OF ENGINEERING, RAMANATHAPURAM",,RAMANATHAPURAM,623513,
9131,VELAMMAL COLLEGE OF ENGINEERING AND TECHNOLOGY,,MADURAI,625009,"Madurai - Rameswaram HighRoad, Velammal Nagar, Viraganoor"
9132,VICKRAM COLLEGE OF ENGINEERING,,SIVAGANGAI,630561,"Madurai -Sivaganga Road, Sreenivasa Gardens, Enathi, Thirumansolai"
9133,VAIGAI COLLEGE OF ENGINEERING,MELUR,MADURAI,625122,Therkutheru
9134,DHAYA COLLEGE OF ENGINEERING,,MADURAI,625706, Tirumangalam
9176,Alagappa Chettiar Government College of Engineering and Technology,,SIVAGANGAI,630004,"ACCET, Karaikudi"
9177,THIAGARAJAR COLLEGE OF ENGINEERING,,MADURAI,625015,
9201,BHARATH NIKETAN ENGINEERING COLLEGE,,THENI,625536,"Thimmarasanaickanoor, Aundipatti"
9202,CHETTINAD COLLEGE OF ENGINEERING AND TECHNOLOGY,,KARUR,639114,"NH-67 Karur - Trichy Highway, Puliyur CF"
9203,CHRISTIAN COLLEGE OF ENGINEERING AND TECHNOLOGY,,DINDIGUL,624619,"Dindigul  Road, Near Check Post, Oddanchatram"
9204,KAMARAJ COLLEGE OF ENGINEERING AND TECHNOLOGY,,VIRUDHUNAGAR,626001,"SPG Chidambara Nadar-C.Nagammal Campus, NH-7, Virudhunagar-Madurai Road, S.P.G.C. Nagar"
9205,KARUR COLLEGE OF ENGINEERING,,KARUR,639002,"Karur-Erode Main Road, Sanjay Nagar, Athur Post"
9206,KODAIKANAL INSTITUTE OF TECHNOLOGY,,DINDIGUL,624104,"Machur Village & Post, Kodaikanal"
9207,M.KUMARASAMY COLLEGE OF ENGINEERING,,KARUR,639113,"Punjai Thottakurichi, Thalavapalayam"
9208,N P R COLLEGE OF ENGINEERING AND TECHNOLOGY,,DINDIGUL,624401,"Punnapatti, Uluppakudi, Natham"
9209,N.S.N. COLLEGE OF ENGINEERING AND TECHNOLOGY,,KARUR,639003,"NH- 7 Karur-Madurai Road , NSN Kalvi Nagar, Manalmedu"
9210,NADAR SARASWATHI COLLEGE OF ENGINEERING AND TECHNOLOGY,,THENI,625531,"Post Box No: 60, Vadupudupatti, Annanji Post"
9211,ODAIYAPPA COLLEGE OF ENGINEERING AND TECHNOLOGY,PERIYAKULAM,THENI,625531,P.T.R.Palanivel Rajan NagarVadaveeranaickenpatti Revenue Village
9212,VEERAMMAL ENGINEERING COLLEGE,Athur Taluk,DINDIGUL,624708,"P.V.P. Nagar, K.Singarakottai"
9213,PSNA COLLEGE OF ENGINEERING AND TECHNOLOGY,,DINDIGUL,624622,"Kothandaraman Nagar, Muthanampatti"
9214,R.V.S. EDUCATIONAL TRUST'S GROUP OF INSTITUTION,,DINDIGUL,624005,"Karur Road, R.V.S Nagar, N. Paraipatti Post"
9215,RATNAVEL SUBRAMANIAM COLLEGE OF ENGINEERING AND TECHNOLOGY,,DINDIGUL,624005,"Karur Road, R.V.S Nagar, N. Paraipatti Post"
9216,SBM COLLEGE OF ENGINEERING AND TECHNOLOGY,,DINDIGUL,624005,"Trichy Road, SBM Nagar, Thamaraipadi Post"
9217,SETHU INSTITUTE OF TECHNOLOGY,,VIRUDHUNAGAR,626115,"PulloorKariapatti Post, Virudhunagar"
9218,SREE SOWDAMBIKA COLLEGE OF ENGINEERING,Aruppukottai Taluk,VIRUDHUNAGAR,626134,Chettikurichi Post
9219,SRI SUBRAMANYA COLLEGE OF ENGINEERING AND TECHNOLOGY,PALANI,DINDIGUL,624615,"Chinnakalayamputhur, Sukkamanaickanpatti  Post"
9220,SRI VIDYA COLLEGE OF ENGINEERING & TECHNOLOGY,,VIRUDHUNAGAR,626005,"Sivakasi Main Road, P.Kumaralingapuram"
9221,SSM INSTITUTE OF ENGINEERING AND TECHNOLOGY,,DINDIGUL,624002,"NH-209, Palani Road, Kuttathupatti Village, Sindalaigundu Post"
9222,THENI KAMMAVAR SANGAM COLLEGE OF TECHNOLOGY,,THENI,625534,"Theni Main Road, Veerapadi Via, Koduvilarpatti Post"
9223,"UNIVERSITY COLLEGE OF ENGINEERING, DINDIGUL",,DINDIGUL,624622,Dindigul - Palani RoadMangarai pirivu Reddiar Chattram
9224,V K S COLLEGE OF ENGINEERING AND TECHNOLOGY,KRISHNARAYAPURAM,KARUR,639120,"Desiyamangalam Village, SivayamSouth Panchayat"
9225,V.S.B. ENGINEERING COLLEGE,"Aravakurichi Taluk,",KARUR,639111,"NH-67, Kovai Road, Karudayampalayam"
9226,VIJAY INSTITUTE OF MANAGEMENT,,DINDIGUL,624303,"Madurai Road, Near Gandhigram University"
9227,VPV COLLEGE OF ENGINEERING,,THENI,625502,"Periyakulam-Dindugal High Road, VPV Nagar, Thanneerpanthal, Periyakulam"
9228,AR SCHOOL OF BUSINESS,,DINDIGUL,624206,"Madurai Road (NH-7), J. Oothupatty"
9229,AGNI SCHOOL OF BUSINESS EXCELLENCE,,DINDIGUL,642802,"NH 45, Morepatti, Vadamadurai (Via) Vedasandur Tk"
9230,ARULMURUGAN COLLEGE OF ENGINEERING,Aravakurichy Taluk,KARUR,639206,Karvazhi RoadThennilai
9231,CHERAN COLLEGE OF ENGINEERING,"Aravakurichi Taluk,",KARUR,639111,"Cheran NagarNH-67, Paramathi Village"
9232,CHERAN SCHOOL OF ARCHITECTURE,"Aravakurichi Taluk,",KARUR,639111,Cheran NagarK. Paramathi (P.O)
9233,GOVERNMENT COLLEGE OF ENGINEERING,,THENI,625528,Kalapandian Polytechnic CampusBodiyanayakkanur
9234,MADURAI SCHOOL OF MANAGEMENT,,MADURAI,625218,NH-7 Four Lane RoadT Vadipatti
9236,JAINEE COLLEGE OF ENGINEERING AND TECHNOLOGY,,DINDIGUL,624303,"Dindigul-Theni Road, Plot No. 532 & 533NH-45B, Aathupatti Pirivu, Veerakkal (B.P.O), N.Panjampatti (P.O)"
9237,J.K. COLLEGE OF ARCHITECTURE,,DINDIGUL,624002,NH-7Madurai Road Begampur Post
9238,MANGAYARKARASI COLLEGE OF ENGINEERING,,MADURAI,625402,"7-1-139, I StreetMangayarkarasi Nagar Paravai"
9239,ARINGER ANNA COLLEGE OF ENGINEERING AND TECHNOLOGY,PALANI,DINDIGUL,624617,SF.No. 145/1A1Mettupatty Village
9240,AGNI SCHOOL OF ARCHITECHTURE,,DINDIGUL,624802,"NH45, TIRCHY ROADMOREPATTI VADAMADURAI"
9276,M.KUMARASAMY COLLEGE OF ENGINEERING,,KARUR,639113,"Punjai Thottakurichi, Thalavapalayam"
9500,"ANNA UNIVERSITY REGIONAL CAMPUS, TIRUNELVELI",,TIRUNELVELI,627007,"Goverment College of Engineering Campus, Kanyakumari Road, Perumalpuram"
9501,A.R. COLLEGE OF ENGINEERING AND TECHNOLOGY,,TIRUNELVELI,627423,"Kadayam-Alangulam Road, Therkkumadathur, Ambasamudram"
9503,GRACE COLLEGE OF ENGINEERING,,TUTICORIN,628005,"Chandy Nagar, Tiruchendur Road, Mullakkadu"
9504,DR.G.U.POPE COLLEGE OF ENGINEERING,,TUTICORIN,628251,"Pope Nagar, Sawyerpuram"
9505,DR.SIVANTHI ADITANAR COLLEGE OF ENGINEERING,,TUTICORIN,628215,"Srivaikudam Road, Tiruchendur"
9506,EINSTEIN COLLEGE OF ENGINEERING,,TIRUNELVELI,627012,"Sir C.V. Raman Nagar, Seethaparpunallur"
9507,FRANCIS XAVIER ENGINEERING COLLEGE,,TIRUNELVELI,627003, Vannar Pettai
9508,GOVERNMENT COLLEGE OF ENGINEERING - THIRUNELVELI,,TIRUNELVELI,627007,"Kanyakumari Road, Perumalpuram"
9509,HOLY CROSS ENGINEERING COLLEGE,,TUTICORIN,628851,"7/131, Vagaikulam Srivaikuntam Express Road, Thannoothu"
9510,INFANT JESUS COLLEGE OF ENGINEERING,,TUTICORIN,628851,"Kamarajar Nagar, Tirunelveli - Thoothukudi Highway, Keelavalanadu"
9511,INFANT JESUS COLLEGE OF ENGINEERING AND TECHNOLOGY,,TUTICORIN,628851,"Kamarajar Nagar, Ellanayakanpatti Post, Keelavallanadu"
9512,J P COLLEGE OF ENGINEERING,TENKASI,TIRUNELVELI,627852,"College Road, Ayikudy"
9513,JAYARAJ ANNAPACKIAM CSI COLLEGE OF ENGINEERING,,TUTICORIN,628617,"Margoschis Nagar, Nazareth"
9514,JOE SURESH ENGINEERING COLLEGE,,TIRUNELVELI,627152,"Raja Nagar, Ponnakudi, Mundaradaipu Post"
9515,KALASALINGAM INSTITUTE OF TECHNOLOGY,,VIRUDHUNAGAR,626126,"Anand Nagar, Kunnur South, Krishnankoil, Srivilliputhur Via"
9516,MAHAKAVI BHARATHIYAR COLLEGE OF ENGINEERING AND TECHNOLOGY,,TIRUNELVELI,627758,"Thalayanai Road, Naranapuram Post, Sivagiri, Vasudevanallur"
9517,MEPCO SCHLENK ENGINEERING COLLEGE,,VIRUDHUNAGAR,626005, Sivakasi
9518,NELLAI COLLEGE OF ENGINEERING,,TIRUNELVELI,627151,"Maruthakulam Post, Moondradaippu"
9519,P.S.R. ENGINEERING COLLEGE,,VIRUDHUNAGAR,626140,"Sevalpatti, Appayanaickenpatti, Sivakasi"
9520,P.S.R.R COLLEGE OF ENGINEERING,,VIRUDHUNAGAR,626140,"Sevalpatti, Appayanaickenpatti, Sivakasi"
9522,PSN COLLEGE OF ENGINEERING AND TECHNOLOGY,PALAYAMKOTTAI,TIRUNELVELI,627152,
9523,PSN ENGINEERING COLLEGE,PALAYAMKOTTAI,TIRUNELVELI,627152,Melathediyoor
9524,PSN INSTITUTE OF TECHNOLOGY AND SCIENCE,PALAYAMKOTTAI,TIRUNELVELI,627152,Melathediyoor
9525,RENGANAYAGI VARATHARAJ COLLEGE OF ENGINEERING,SIVAKASI,VIRUDHUNAGAR,626128,"Salvarpatti, Thayilpatti Via"
9526,S.VEERASAMY CHETTIAR COLLEGE OF ENGINEERING AND TECHNOLOGY,SIVAKASI,TIRUNELVELI,627855,"S.V. Nagar, Sankaran Koil Road, Puliangudi"
9527,SARDAR RAJA COLLEGE OF ENGINEERING,,TIRUNELVELI,627808,"Thirunelveli-Tenkasi Highway, Raja Nagar, Alangulam"
9528,SCAD COLLEGE OF ENGINEERING AND TECHNOLOGY,,TIRUNELVELI,627414,"Thirunelveli-Shencottai Road, SCAD Nagar, Cheranmahadevi"
9529,SCAD ENGINEERING COLLEGE,,TIRUNELVELI,627414,"SCAD Nagar, Cheranmahadevi"
9530,ST.MOTHER THERESA ENGINEERING COLLEGE,,TUTICORIN,628102,
9531,THAMIRABHARANI ENGINEERING COLLEGE,,TIRUNELVELI,627358,"Chathirampudukulam Village, Chidambra Nagar, Veppakulam Road, Thatchanallur"
9532,"UNIVERSITY COLLEGE OF ENGINEERING, THOOTHUKUDI",,TUTICORIN,628008,"Near V.O.C College, Millerpuram, Briyant Nagar"
9533,UNNAMALAI INSTITUTE OF TECHNOLOGY,,TUTICORIN,628502,"Suba Nagar, Kovilpatti"
9534,V V COLLEGE OF ENGINEERING,"Sattankulam Taluk,",TUTICORIN,628656,"V.V. Nagar, Arasoor, Tisaiyanvilai Via"
9535,V.P.MUTHAIAH PILLAI MEENAKSHI AMMAL ENGINEERING COLLEGE FOR WOMEN,"Srivilliputhur Taluk,",VIRUDHUNAGAR,626190,"V.P.M.Nagar, Vizhuppanoor Village, Krishnankoil"
9536,RAMCO INSTITUTE OF TECHNOLOGY,,VIRUDHUNAGAR,626117,Krishnapuram PanchayatNorth Venganallur Village Rajapalayam
9537,AAA COLLEGE OF ENGINEERING & TECHNOLOGY,,VIRUDHUNAGAR,626123,Kamarajar Educational RoadAmathur Village Sivakasi
9538,V.P.M.M. COLLEGE OF  ARCHITECTURE FOR WOMEN,,VIRUDHUNAGAR,626190,V.P.M. NAGARKRISHNANKOIL SRIVILLIPUTTUR
9576,NATIONAL ENGINEERING COLLEGE,,TUTICORIN,628503, Kovilpatti
9577,ARULMIGU KALASALINGAM COLLEGE OF ENGINEERING,Srivilliputtur Taluk,VIRUDHUNAGAR,626190,"Anand Nagar, Krishnan Koil"
9601,ANNAI VAILANKANNI COLLEGE OF ENGINEERING,,KANYAKUMARI,629401,"AVK Nagar, Pothaiyadisalai, Pottalkulam, Azhagappapuram"
9602,ARUNACHALA COLLEGE OF ENGINEERING FOR WOMEN,,KANYAKUMARI,629203,"Thanka Gardens, Manavilai, Vellichanthai, Nagercoil"
9603,BETHLAHEM INSTITUTE OF ENGINEERING,VILAVANCODE,KANYAKUMARI,629157,"Nadutheri, Karungal"
9604,C.S.I. INSTITUTE OF TECHNOLOGY,,KANYAKUMARI,629302,"Thovalai, Nagercoil"
9605,CAPE INSTITUTE OF TECHNOLOGY,,TIRUNELVELI,627114,"Levengipuram, Rajakrishnapuram Post, Near Azhagappapuram"
9606,DMI ENGINEERING COLLEGE,,KANYAKUMARI,629301,"Kumarapuram Road, Aralvoimozhi, Thovalai"
9607,IMMANUEL ARASAR J J COLLEGE OF ENGINEERING,,KANYAKUMARI,629165,"Edavilagam, Nattalam, Marthandam"
9608,JAMES COLLEGE OF ENGINEERING AND TECHNOLOGY,,KANYAKUMARI,629852,"Jamespuram, Navalkadu, Near Nagercoil"
9609,JAYAMATHA ENGINEERING COLLEGE,,KANYAKUMARI,629301,ThirurajapuramAralvaimozhi
9610,K N S K COLLEGE OF ENGINEERING,,KANYAKUMARI,629901,"PCP Nagar, Thirupathisaram, Therekalputhur, Nagercoil"
9611,LORD JEGANNATH COLLEGE OF ENGINEERING AND TECHNOLOGY,,KANYAKUMARI,629402,"PSN Nagar, Ramanathachanputhur, Thoopur"
9612,LOYOLA INSTITUTE OF TECHNOLOGY AND SCIENCE,,KANYAKUMARI,629302,"Loyola Nagar, Theroor Village, Thovalai"
9613,M.E.T. ENGINEERING COLLEGE,,KANYAKUMARI,629304,"Mogals Garden, Aralvaimozhi-Nedumangadu, SH-45, Thovalai Village, Aralvaimozhi Town Panchayat"
9614,MAR EPHRAEM COLLEGE OF ENGINEERING AND TECHNOLOGY,,KANYAKUMARI,629171,"Malankara Hills, Elavuvilai, Marthandam"
9615,MARIA COLLEGE OF ENGINEERING AND TECHNOLOGY,KALKULAM,KANYAKUMARI,629177,"Attoor, Pulliyamoodu Junction, Thiruvattar Post"
9616,MARTHANDAM COLLEGE OF ENGINEERING AND TECHNOLOGY,,KANYAKUMARI,629177,"P.M. Village Road, Kuttakuzhi, Veeyannoor Post"
9617,NARAYANAGURU COLLEGE OF ENGINEERING,VILAVANCODE,KANYAKUMARI,629151,"Chittadavu Estate, Manjalumoodu, Arumanai Via"
9618,PONJESLY COLLEGE OF ENGINEERING,,KANYAKUMARI,629003,"Parvathipuram, Vettornimadam Post, Nagercoil"
9619,RAJAS INSTITUTE OF TECHNOLOGY,,KANYAKUMARI,629001,"Ozhuginasery, Nagercoil"
9620,SATYAM COLLEGE OF ENGINEERING AND TECHNOLOGY,THOVALAI,KANYAKUMARI,629301,"Satyam Nagar, Aralvoimozhy"
9621,SIVAJI COLLEGE OF ENGINEERING AND TECHNOLOGY,VILAVANCODE,KANYAKUMARI,629170,"Manivilai & Post, Palukal Via"
9622,ST.XAVIER'S CATHOLIC COLLEGE OF ENGINEERING,KALKULAM,KANYAKUMARI,629003,"Chunkankadai, Nagercoil"
9623,AMRITA COLLEGE OF ENGINEERING AND TECHNOLOGY,,KANYAKUMARI,629902,"Sun Nagar, Erachakulam Post, Nagercoil"
9624,TAMIZHAN COLLEGE OF ENGINEERING AND TECHNOLOGY,,KANYAKUMARI,629304,"Tamizhan Nagar, Chenbagaramanputhur Post, Thovalai"
9625,RAJAS ENGINEERING COLLEGE,,TIRUNELVELI,627116,"Raja Nagar, Vadakkangulam"
9626,UDAYA SCHOOL OF ENGINEERING,,KANYAKUMARI,629204,"Udaya Nagar, Vellamadi Junction, Ammandivilai Post"
9627,UNIVERSAL COLLEGE OF ENGINEERING AND TECHNOLOGY,,TIRUNELVELI,627117,"Post Box No.1, Anbagam Campus, Radhapuram Road, Vallioor"
9628,"UNIVERSITY COLLEGE OF ENGINEERING, NAGERCOIL",,KANYAKUMARI,629004,"GPT Nagercoil Campus, Konam, Nagercoil"
9629,VINS CHRISTIAN COLLEGE OF ENGINEERING,,KANYAKUMARI,629807,"Vins Nagar, Chunkankadai, Villukuri, Nagercoil"
9630,VINS CHRISTIAN WOMEN'S COLLEGE OF ENGINEERING,,KANYAKUMARI,629807,"Vins Nagar, Chunkankadai, Villukuri, Nagercoil"
9631,ARUL COLLEGE OF TECHNOLOGY,,TIRUNELVELI,627111,
9632,PET ENGINEERING COLLEGE,,TIRUNELVELI,627117,"Thiruchendur Road, Vallioor"
9633,ROHINI COLLEGE OF ENGINEERING & TECHNOLOGY,,KANYAKUMARI,629401,"Aniugramam to Kanyakumari Main Road, Paalkulam Variyoor post"
9634,SIGMA COLLEGE OF ARCHITECTURE,,KANYAKUMARI,629168,"MoododuAnucode post, (Near Marthandam)"
9635,STELLA MARY'S COLLEGE OF ENGINEERING,,KANYAKUMARI,629202,AruthenganvilaiAzhikal Post 
9636,LOURDES MOUNT COLLEGE OF ENGINEERING AND TECHNOLOGY,,KANYAKUMARI,629195,"Marthandam-Karungal Road, Chundavilai, Mullanganavilai Nattalam PO"
9637,NARAYANAGURU SIDDHARTHA COLLEGE OF ENGINEERING,,KANYAKUMARI,629194,"Athencode, Methukummal PanchayatKulappuram Village Near Padanthalumoodu"
9638,GOOD SHEPHERD COLLEGE OF ENGINEERING & TECHNOLOGY,,KANYAKUMARI,629101,MaruthamparaiKaliyal Village and Post Nagercoil
9676,NOORUL ISLAM COLLEGE OF ENGINEERING,,KANYAKUMARI,629180,"P.B.No.1, KumaracoilThuckalay Post "